2019-08-24 20:30:23,b'RT @nurs18_: Favorit bgt nih \xe2\x99\xa5\xef\xb8\x8f\xf0\x9f\x98\xad\xf0\x9f\x98\xad\n#ONEOKROCK https://t.co/FCuDcEGLLA'
2019-08-24 20:27:50,"b'RT @kamalosd17: ""Wherever you are, I\'ll always make you smile.""\n\nLagu wajib sebelum tidur wkwkw\n#oneokrock\n#oor\n#whereveryouare https://t.c\xe2\x80\xa6'"
2019-08-24 20:26:57,"b'""Wherever you are, I\'ll always make you smile.""\n\nLagu wajib sebelum tidur wkwkw\n#oneokrock\n#oor\n#whereveryouare https://t.co/EA4NxIR42Z'"
2019-08-24 20:26:48,b'RT @nurs18_: Favorit bgt nih \xe2\x99\xa5\xef\xb8\x8f\xf0\x9f\x98\xad\xf0\x9f\x98\xad\n#ONEOKROCK https://t.co/FCuDcEGLLA'
2019-08-24 20:25:54,"b'Yeah. Whatever you are. Sumpah ini lagu romantis banget,  dimana yang denger merasa benar2 di hargai dan dicintai \xf0\x9f\x92\x9e\xe2\x80\xa6 https://t.co/5wb6zhUdQg'"
2019-08-24 20:21:46,b'RT @nurs18_: Favorit bgt nih \xe2\x99\xa5\xef\xb8\x8f\xf0\x9f\x98\xad\xf0\x9f\x98\xad\n#ONEOKROCK https://t.co/FCuDcEGLLA'
2019-08-24 20:18:23,b'David Luiz Dan Ozil Datang Ngga Ya Ke #MiladFPI ? \n\n#BiroJomblo bersama #ONEOKROCK \n\nhttps://t.co/1LeMmNDwOg'
2019-08-24 20:16:57,b'RT @nurs18_: Favorit bgt nih \xe2\x99\xa5\xef\xb8\x8f\xf0\x9f\x98\xad\xf0\x9f\x98\xad\n#ONEOKROCK https://t.co/FCuDcEGLLA'
2019-08-24 20:16:13,b'RT @nurs18_: Favorit bgt nih \xe2\x99\xa5\xef\xb8\x8f\xf0\x9f\x98\xad\xf0\x9f\x98\xad\n#ONEOKROCK https://t.co/FCuDcEGLLA'
2019-08-24 20:15:07,b'RT @nurs18_: Favorit bgt nih \xe2\x99\xa5\xef\xb8\x8f\xf0\x9f\x98\xad\xf0\x9f\x98\xad\n#ONEOKROCK https://t.co/FCuDcEGLLA'
2019-08-24 20:12:46,b'RT @nurs18_: Favorit bgt nih \xe2\x99\xa5\xef\xb8\x8f\xf0\x9f\x98\xad\xf0\x9f\x98\xad\n#ONEOKROCK https://t.co/FCuDcEGLLA'
2019-08-24 20:11:07,b'RT @nurs18_: Favorit bgt nih \xe2\x99\xa5\xef\xb8\x8f\xf0\x9f\x98\xad\xf0\x9f\x98\xad\n#ONEOKROCK https://t.co/FCuDcEGLLA'
2019-08-24 20:09:57,b'RT @nurs18_: Favorit bgt nih \xe2\x99\xa5\xef\xb8\x8f\xf0\x9f\x98\xad\xf0\x9f\x98\xad\n#ONEOKROCK https://t.co/FCuDcEGLLA'
2019-08-24 20:09:33,b'RT @nurs18_: Favorit bgt nih \xe2\x99\xa5\xef\xb8\x8f\xf0\x9f\x98\xad\xf0\x9f\x98\xad\n#ONEOKROCK https://t.co/FCuDcEGLLA'
2019-08-24 20:07:31,b'RT @nurs18_: Favorit bgt nih \xe2\x99\xa5\xef\xb8\x8f\xf0\x9f\x98\xad\xf0\x9f\x98\xad\n#ONEOKROCK https://t.co/FCuDcEGLLA'
2019-08-24 20:05:12,b'RT @nurs18_: Favorit bgt nih \xe2\x99\xa5\xef\xb8\x8f\xf0\x9f\x98\xad\xf0\x9f\x98\xad\n#ONEOKROCK https://t.co/FCuDcEGLLA'
2019-08-24 20:01:11,b'RT @nurs18_: Favorit bgt nih \xe2\x99\xa5\xef\xb8\x8f\xf0\x9f\x98\xad\xf0\x9f\x98\xad\n#ONEOKROCK https://t.co/FCuDcEGLLA'
2019-08-24 19:58:39,"b'#ONEOKROCK \n#AmbitionsJAPANDOMETOUR \n#AMBITIONS \nToru,Tomoya,Ryota y Taka https://t.co/axd9QpLIh5'"
2019-08-24 19:57:35,b'Bener2 fav banget.... tiap hari ngedengerin lagu ini \xf0\x9f\x92\x95\xf0\x9f\x92\x95\xf0\x9f\x92\x95\xf0\x9f\x92\x95\xf0\x9f\x92\x95\n#ONEOKROCK https://t.co/lW8M3iop1k'
2019-08-24 19:55:05,b'RT @CobaTanyaBapak: siap2 quota mereka akan berdendang malam ini\n#ONEOKROCK\n#AmbitionsJapanDomeTour https://t.co/72TBFjyHQK'
2019-08-24 19:53:44,b'RT @nurs18_: Favorit bgt nih \xe2\x99\xa5\xef\xb8\x8f\xf0\x9f\x98\xad\xf0\x9f\x98\xad\n#ONEOKROCK https://t.co/FCuDcEGLLA'
2019-08-24 19:53:04,b'RT @nurs18_: Favorit bgt nih \xe2\x99\xa5\xef\xb8\x8f\xf0\x9f\x98\xad\xf0\x9f\x98\xad\n#ONEOKROCK https://t.co/FCuDcEGLLA'
2019-08-24 19:52:03,b'RT @nurs18_: Favorit bgt nih \xe2\x99\xa5\xef\xb8\x8f\xf0\x9f\x98\xad\xf0\x9f\x98\xad\n#ONEOKROCK https://t.co/FCuDcEGLLA'
2019-08-24 19:51:41,b'RT @CobaTanyaBapak: siap2 quota mereka akan berdendang malam ini\n#ONEOKROCK\n#AmbitionsJapanDomeTour https://t.co/72TBFjyHQK'
2019-08-24 19:49:07,b'RT @nurs18_: Favorit bgt nih \xe2\x99\xa5\xef\xb8\x8f\xf0\x9f\x98\xad\xf0\x9f\x98\xad\n#ONEOKROCK https://t.co/FCuDcEGLLA'
2019-08-24 19:48:05,b'RT @nurs18_: Favorit bgt nih \xe2\x99\xa5\xef\xb8\x8f\xf0\x9f\x98\xad\xf0\x9f\x98\xad\n#ONEOKROCK https://t.co/FCuDcEGLLA'
2019-08-24 19:43:40,b'RT @nurs18_: Favorit bgt nih \xe2\x99\xa5\xef\xb8\x8f\xf0\x9f\x98\xad\xf0\x9f\x98\xad\n#ONEOKROCK https://t.co/FCuDcEGLLA'
2019-08-24 19:43:37,b'RT @nurs18_: Favorit bgt nih \xe2\x99\xa5\xef\xb8\x8f\xf0\x9f\x98\xad\xf0\x9f\x98\xad\n#ONEOKROCK https://t.co/FCuDcEGLLA'
2019-08-24 19:42:37,"b'Hasil Kualifikasi MotoGp Inggris 2019\n\nMarc Marquez, pembalap Repsol Honda berhasil menjadi salah satu pembalap ter\xe2\x80\xa6 https://t.co/CcI215Dt8R'"
2019-08-24 19:41:07,b'Lama lak tk dengar lagu dorang.. Tetibe rindu \xf0\x9f\x92\x99 #ONEOKROCK'
2019-08-24 19:39:47,b'RT @nurs18_: Favorit bgt nih \xe2\x99\xa5\xef\xb8\x8f\xf0\x9f\x98\xad\xf0\x9f\x98\xad\n#ONEOKROCK https://t.co/FCuDcEGLLA'
2019-08-24 19:38:27,b'Pertama kali tau #ONEOKROCK dari film Rurouni Kenshin. Yang The Beginning. Asli keren juga tuh film. Sampe film ket\xe2\x80\xa6 https://t.co/qPm5AYUM1n'
2019-08-24 19:38:16,b'Enak banget ni lagu yak #ONEOKROCK https://t.co/Y5gAZIHwQp'
2019-08-24 19:36:52,b'RT @nurs18_: Favorit bgt nih \xe2\x99\xa5\xef\xb8\x8f\xf0\x9f\x98\xad\xf0\x9f\x98\xad\n#ONEOKROCK https://t.co/FCuDcEGLLA'
2019-08-24 19:34:19,b'RT @Taekook2114: Ada beberapa hal yg kita udah berekspetasi tinggi tapi kenyataannya ga sesuai mungkin aku yg terlalu berharap\xf0\x9f\x99\x82\n\n#ONEOKROCK\xe2\x80\xa6'
2019-08-24 19:34:14,b'RT @nurs18_: Favorit bgt nih \xe2\x99\xa5\xef\xb8\x8f\xf0\x9f\x98\xad\xf0\x9f\x98\xad\n#ONEOKROCK https://t.co/FCuDcEGLLA'
2019-08-24 19:34:06,b'RT @nurs18_: Favorit bgt nih \xe2\x99\xa5\xef\xb8\x8f\xf0\x9f\x98\xad\xf0\x9f\x98\xad\n#ONEOKROCK https://t.co/FCuDcEGLLA'
2019-08-24 19:33:13,b'RT @nurs18_: Favorit bgt nih \xe2\x99\xa5\xef\xb8\x8f\xf0\x9f\x98\xad\xf0\x9f\x98\xad\n#ONEOKROCK https://t.co/FCuDcEGLLA'
2019-08-24 19:33:07,b'RT @nurs18_: Favorit bgt nih \xe2\x99\xa5\xef\xb8\x8f\xf0\x9f\x98\xad\xf0\x9f\x98\xad\n#ONEOKROCK https://t.co/FCuDcEGLLA'
2019-08-24 19:31:45,b'Ga bisa untuk ga suka #ONEOKROCK'
2019-08-24 19:31:41,b'RT @CobaTanyaBapak: siap2 quota mereka akan berdendang malam ini\n#ONEOKROCK\n#AmbitionsJapanDomeTour https://t.co/72TBFjyHQK'
2019-08-24 19:31:02,b'RT @CobaTanyaBapak: siap2 quota mereka akan berdendang malam ini\n#ONEOKROCK\n#AmbitionsJapanDomeTour https://t.co/72TBFjyHQK'
2019-08-24 19:30:19,b'RT @CobaTanyaBapak: siap2 quota mereka akan berdendang malam ini\n#ONEOKROCK\n#AmbitionsJapanDomeTour https://t.co/72TBFjyHQK'
2019-08-24 19:29:35,b'RT @MBstarfire: Taka \xf0\x9f\x98\x98\xf0\x9f\xa4\x97 #ONEOKROCK https://t.co/z0oKK8G9Lg'
2019-08-24 19:29:25,b'RT @CobaTanyaBapak: siap2 quota mereka akan berdendang malam ini\n#ONEOKROCK\n#AmbitionsJapanDomeTour https://t.co/72TBFjyHQK'
2019-08-24 19:29:16,b'RT @nurs18_: Favorit bgt nih \xe2\x99\xa5\xef\xb8\x8f\xf0\x9f\x98\xad\xf0\x9f\x98\xad\n#ONEOKROCK https://t.co/FCuDcEGLLA'
2019-08-24 19:29:11,b'RT @nurs18_: Favorit bgt nih \xe2\x99\xa5\xef\xb8\x8f\xf0\x9f\x98\xad\xf0\x9f\x98\xad\n#ONEOKROCK https://t.co/FCuDcEGLLA'
2019-08-24 19:26:06,b'RT @nurs18_: Favorit bgt nih \xe2\x99\xa5\xef\xb8\x8f\xf0\x9f\x98\xad\xf0\x9f\x98\xad\n#ONEOKROCK https://t.co/FCuDcEGLLA'
2019-08-24 19:26:02,b'RT @nurs18_: Favorit bgt nih \xe2\x99\xa5\xef\xb8\x8f\xf0\x9f\x98\xad\xf0\x9f\x98\xad\n#ONEOKROCK https://t.co/FCuDcEGLLA'
2019-08-24 19:25:46,b'#ONEOKROCK\nTinggal nunggu besok yang orkestra. https://t.co/nR8ZRTL1RZ'
2019-08-24 19:22:41,b'RT @CobaTanyaBapak: siap2 quota mereka akan berdendang malam ini\n#ONEOKROCK\n#AmbitionsJapanDomeTour https://t.co/72TBFjyHQK'
2019-08-24 19:20:18,b'RT @CobaTanyaBapak: siap2 quota mereka akan berdendang malam ini\n#ONEOKROCK\n#AmbitionsJapanDomeTour https://t.co/72TBFjyHQK'
2019-08-24 19:18:54,b'Sebab #ONEOKROCK tengah sohor kini jadi marilah kita dengar lagu mereka. Hehe'
2019-08-24 19:18:37,b'RT @nurs18_: Favorit bgt nih \xe2\x99\xa5\xef\xb8\x8f\xf0\x9f\x98\xad\xf0\x9f\x98\xad\n#ONEOKROCK https://t.co/FCuDcEGLLA'
2019-08-24 19:17:26,b'Lagu favoriteku jugaaa\xf0\x9f\x98\xad\xf0\x9f\x98\xad\xf0\x9f\x98\xad\n\nBtw mo bilang terima kasih sama mantan yang pernah memperkenalkan #ONEOKROCK dan lagu in\xe2\x80\xa6 https://t.co/uH3RPKgiIu'
2019-08-24 19:16:53,b'RT @nurs18_: Favorit bgt nih \xe2\x99\xa5\xef\xb8\x8f\xf0\x9f\x98\xad\xf0\x9f\x98\xad\n#ONEOKROCK https://t.co/FCuDcEGLLA'
2019-08-24 19:16:45,b'Masih bisa berarti nanti malam..\nInget ya sind!!!!!! #ONEOKROCK https://t.co/gCJESq5lPU'
2019-08-24 19:16:43,b'RT @lulululu10969: Gambar yang bisa anda dengar :)\n#ONEOKROCK https://t.co/Q6eySupSMZ'
2019-08-24 19:15:51,b'RT @CobaTanyaBapak: siap2 quota mereka akan berdendang malam ini\n#ONEOKROCK\n#AmbitionsJapanDomeTour https://t.co/72TBFjyHQK'
2019-08-24 19:15:27,b'RT @nurs18_: Favorit bgt nih \xe2\x99\xa5\xef\xb8\x8f\xf0\x9f\x98\xad\xf0\x9f\x98\xad\n#ONEOKROCK https://t.co/FCuDcEGLLA'
2019-08-24 19:15:01,b'RT @nurs18_: Favorit bgt nih \xe2\x99\xa5\xef\xb8\x8f\xf0\x9f\x98\xad\xf0\x9f\x98\xad\n#ONEOKROCK https://t.co/FCuDcEGLLA'
2019-08-24 19:13:57,b'RT @nurs18_: Favorit bgt nih \xe2\x99\xa5\xef\xb8\x8f\xf0\x9f\x98\xad\xf0\x9f\x98\xad\n#ONEOKROCK https://t.co/FCuDcEGLLA'
2019-08-24 19:13:35,b'RT @nurs18_: Favorit bgt nih \xe2\x99\xa5\xef\xb8\x8f\xf0\x9f\x98\xad\xf0\x9f\x98\xad\n#ONEOKROCK https://t.co/FCuDcEGLLA'
2019-08-24 19:13:02,b'Ada apa ini? Aku ketinggalan info.. hwaaaaaa #ONEOKROCK'
2019-08-24 19:12:47,b'RT @Taekook2114: Ada beberapa hal yg kita udah berekspetasi tinggi tapi kenyataannya ga sesuai mungkin aku yg terlalu berharap\xf0\x9f\x99\x82\n\n#ONEOKROCK\xe2\x80\xa6'
2019-08-24 19:11:54,b'RT @defrifriandi: ENAK BAT WOY DIJADIIN AKUSTIK \xf0\x9f\xa4\xa9 \n\nGapaham lagi azz\n#ONEOKROCK\nhttps://t.co/Zdbx2eoS7m'
2019-08-24 19:10:55,b'Setiap pilihan akan selalu menanggung kosekuensi.\nJadi siapkan kamu dengan pilihan beserta kosekuensi yang tidak pe\xe2\x80\xa6 https://t.co/JU8cFMWzAk'
2019-08-24 19:10:18,b'RT @nurs18_: Favorit bgt nih \xe2\x99\xa5\xef\xb8\x8f\xf0\x9f\x98\xad\xf0\x9f\x98\xad\n#ONEOKROCK https://t.co/FCuDcEGLLA'
2019-08-24 19:07:04,b'RT @nurs18_: Favorit bgt nih \xe2\x99\xa5\xef\xb8\x8f\xf0\x9f\x98\xad\xf0\x9f\x98\xad\n#ONEOKROCK https://t.co/FCuDcEGLLA'
2019-08-24 19:05:16,b'Yahh ketinggalan dong guee #ONEOKROCK'
2019-08-24 19:05:07,"b'Waahh, yang tadi udah ketinggalan jauh. Nunggu lama nih, tak lupe pasang pengingat eh #ONEOKROCK https://t.co/6CqNqij1OJ'"
2019-08-24 19:03:38,b'RT @nurs18_: Favorit bgt nih \xe2\x99\xa5\xef\xb8\x8f\xf0\x9f\x98\xad\xf0\x9f\x98\xad\n#ONEOKROCK https://t.co/FCuDcEGLLA'
2019-08-24 19:03:03,b'RT @nurs18_: Favorit bgt nih \xe2\x99\xa5\xef\xb8\x8f\xf0\x9f\x98\xad\xf0\x9f\x98\xad\n#ONEOKROCK https://t.co/FCuDcEGLLA'
2019-08-24 19:01:37,b'Merdeka dari kenangan apa susahnya?\nKenangan bukan untuk dilupakan atau di buang kok.\nCukup kamu simpan di hatimu l\xe2\x80\xa6 https://t.co/MwW29E28h5'
2019-08-24 18:58:44,b'RT @nurs18_: Favorit bgt nih \xe2\x99\xa5\xef\xb8\x8f\xf0\x9f\x98\xad\xf0\x9f\x98\xad\n#ONEOKROCK https://t.co/FCuDcEGLLA'
2019-08-24 18:57:17,b'RT @tiandanoe: KANZEN KAN KAKU DRIIIIIMAAAAAAAA\n\n#ONEOKROCK \n#ONEOKROCK2018AMBITIONSJAPANDOMETOUR https://t.co/R6LxQ1GHFL'
2019-08-24 18:57:07,b'RT @Taekook2114: Lagu patah hati internasional untuk ahn jaehyun dan goo hyesun\n\nINTINYA COWOK BUCIN GA MENJAMIN SETIA \xf0\x9f\x98\xa1\n\n#ONEOKROCK hearta\xe2\x80\xa6'
2019-08-24 18:53:36,b'ketingalan dong\n\n#ONEOKROCK\n#AmbitionsJAPANDOMETOUR https://t.co/D47fnmmIIh'
2019-08-24 18:52:55,b'RT @nurs18_: Favorit bgt nih \xe2\x99\xa5\xef\xb8\x8f\xf0\x9f\x98\xad\xf0\x9f\x98\xad\n#ONEOKROCK https://t.co/FCuDcEGLLA'
2019-08-24 18:52:09,b'RT @nurs18_: Favorit bgt nih \xe2\x99\xa5\xef\xb8\x8f\xf0\x9f\x98\xad\xf0\x9f\x98\xad\n#ONEOKROCK https://t.co/FCuDcEGLLA'
2019-08-24 18:52:04,b'RT @CobaTanyaBapak: siap2 quota mereka akan berdendang malam ini\n#ONEOKROCK\n#AmbitionsJapanDomeTour https://t.co/72TBFjyHQK'
2019-08-24 18:51:49,b'RT @nurs18_: Favorit bgt nih \xe2\x99\xa5\xef\xb8\x8f\xf0\x9f\x98\xad\xf0\x9f\x98\xad\n#ONEOKROCK https://t.co/FCuDcEGLLA'
2019-08-24 18:51:44,b'RT @nurs18_: Favorit bgt nih \xe2\x99\xa5\xef\xb8\x8f\xf0\x9f\x98\xad\xf0\x9f\x98\xad\n#ONEOKROCK https://t.co/FCuDcEGLLA'
2019-08-24 18:51:38,b'RT @nurs18_: Favorit bgt nih \xe2\x99\xa5\xef\xb8\x8f\xf0\x9f\x98\xad\xf0\x9f\x98\xad\n#ONEOKROCK https://t.co/FCuDcEGLLA'
2019-08-24 18:49:46,b'Ini kenapa yakk kok #ONEOKROCK jadi trending woyy \nWagelasehh https://t.co/dCo4KgVVTQ'
2019-08-24 18:48:06,b'RT @nurs18_: Favorit bgt nih \xe2\x99\xa5\xef\xb8\x8f\xf0\x9f\x98\xad\xf0\x9f\x98\xad\n#ONEOKROCK https://t.co/FCuDcEGLLA'
2019-08-24 18:47:23,b'RT @nurs18_: Favorit bgt nih \xe2\x99\xa5\xef\xb8\x8f\xf0\x9f\x98\xad\xf0\x9f\x98\xad\n#ONEOKROCK https://t.co/FCuDcEGLLA'
2019-08-24 18:47:18,b'RT @nurs18_: Favorit bgt nih \xe2\x99\xa5\xef\xb8\x8f\xf0\x9f\x98\xad\xf0\x9f\x98\xad\n#ONEOKROCK https://t.co/FCuDcEGLLA'
2019-08-24 18:46:48,b'Lah gue ketinggalan info \xf0\x9f\x98\xad\xf0\x9f\x98\xad\xf0\x9f\x98\xad #ONEOKROCK'
2019-08-24 18:46:01,b'pada bahas #ONEOKROCK tau lagunya yang Decision feat tyler carter doang'
2019-08-24 18:45:41,b'RT @nurs18_: Favorit bgt nih \xe2\x99\xa5\xef\xb8\x8f\xf0\x9f\x98\xad\xf0\x9f\x98\xad\n#ONEOKROCK https://t.co/FCuDcEGLLA'
2019-08-24 18:44:38,b'RT @nurs18_: Favorit bgt nih \xe2\x99\xa5\xef\xb8\x8f\xf0\x9f\x98\xad\xf0\x9f\x98\xad\n#ONEOKROCK https://t.co/FCuDcEGLLA'
2019-08-24 18:41:26,b'RT @CobaTanyaBapak: siap2 quota mereka akan berdendang malam ini\n#ONEOKROCK\n#AmbitionsJapanDomeTour https://t.co/72TBFjyHQK'
2019-08-24 18:40:20,b'RT @rressfa: Ngantuk tapi tetep maksain denger ini dulu. #ONEOKROCK https://t.co/iU4TNO8BOH'
2019-08-24 18:40:04,b'RT @lulululu10969: Trending 3 in INDONESIA!\n#ONEOKROCK https://t.co/3R5AdjR6FB'
2019-08-24 18:40:03,b'RT @CobaTanyaBapak: siap2 quota mereka akan berdendang malam ini\n#ONEOKROCK\n#AmbitionsJapanDomeTour https://t.co/72TBFjyHQK'
2019-08-24 18:39:57,b'RT @nurs18_: Favorit bgt nih \xe2\x99\xa5\xef\xb8\x8f\xf0\x9f\x98\xad\xf0\x9f\x98\xad\n#ONEOKROCK https://t.co/FCuDcEGLLA'
2019-08-24 18:39:56,b'RT @MBstarfire: Taka \xf0\x9f\x98\x98\xf0\x9f\xa4\x97 #ONEOKROCK https://t.co/z0oKK8G9Lg'
2019-08-24 18:39:34,b'RT @nurs18_: Favorit bgt nih \xe2\x99\xa5\xef\xb8\x8f\xf0\x9f\x98\xad\xf0\x9f\x98\xad\n#ONEOKROCK https://t.co/FCuDcEGLLA'
2019-08-24 18:39:21,"b'Wherever you are, satu satunya lagu dari #ONEOKROCK yang gue tau dan suka. Retweet kalo sama!'"
2019-08-24 18:39:13,"b'Kata warga Twitter yg budiman, main Twitter itu hanya untuk kaum MissQueen kouta, nyatanya hanya ekspektasi belaka.\xe2\x80\xa6 https://t.co/9Zx9ZNjOQc'"
2019-08-24 18:39:05,b'Trending 1 MASAA #ONEOKROCK'
2019-08-24 18:38:28,"b'Bang kesini dong, konser di Indonesia hehe :(\n@ONEOKROCK_japan #ONEOKROCK https://t.co/PRdn73YLSa'"
2019-08-24 18:37:29,b'Ternyata #ONEOKROCK jadi trending. Yaampoonn :\xe2\x80\x9d)))'
2019-08-24 18:37:27,b'RT @nurs18_: Favorit bgt nih \xe2\x99\xa5\xef\xb8\x8f\xf0\x9f\x98\xad\xf0\x9f\x98\xad\n#ONEOKROCK https://t.co/FCuDcEGLLA'
2019-08-24 18:35:23,b'Uwuuuu abang tamvankuh @ONEOKROCK_japan trending huyy #ONEOKROCK'
2019-08-24 18:34:35,b'NGELIAT TRENDING #ONEOKROCK GUA KIRA MAU KE INDONESIA- ASDFGHJKLNANGID https://t.co/D6AWYRsZ7a'
2019-08-24 18:33:19,b'Asik trending awokwaokwkkwok #ONEOKROCK'
2019-08-24 18:33:07,b'RT @nurs18_: Favorit bgt nih \xe2\x99\xa5\xef\xb8\x8f\xf0\x9f\x98\xad\xf0\x9f\x98\xad\n#ONEOKROCK https://t.co/FCuDcEGLLA'
2019-08-24 18:33:05,b'Banyak kenangan di lagu oor sampai aku beli kaosnya :)) gilasih #ONEOKROCK'
2019-08-24 18:32:57,b'RT @nurs18_: Favorit bgt nih \xe2\x99\xa5\xef\xb8\x8f\xf0\x9f\x98\xad\xf0\x9f\x98\xad\n#ONEOKROCK https://t.co/FCuDcEGLLA'
2019-08-24 18:32:03,b'RT @nurs18_: Favorit bgt nih \xe2\x99\xa5\xef\xb8\x8f\xf0\x9f\x98\xad\xf0\x9f\x98\xad\n#ONEOKROCK https://t.co/FCuDcEGLLA'
2019-08-24 18:30:48,b'RT @nurs18_: Favorit bgt nih \xe2\x99\xa5\xef\xb8\x8f\xf0\x9f\x98\xad\xf0\x9f\x98\xad\n#ONEOKROCK https://t.co/FCuDcEGLLA'
2019-08-24 18:30:46,"b'Kokoro kara aisuruhito \nKokoro kara itoshii hito \nKono boku no ai no mannaka ni wa, itsumo kimi ga iru kara.\n#ONEOKROCK'"
2019-08-24 18:30:11,b'RT @nurs18_: Favorit bgt nih \xe2\x99\xa5\xef\xb8\x8f\xf0\x9f\x98\xad\xf0\x9f\x98\xad\n#ONEOKROCK https://t.co/FCuDcEGLLA'
2019-08-24 18:29:42,b'RT @nurs18_: Favorit bgt nih \xe2\x99\xa5\xef\xb8\x8f\xf0\x9f\x98\xad\xf0\x9f\x98\xad\n#ONEOKROCK https://t.co/FCuDcEGLLA'
2019-08-24 18:29:36,b'Ketinggalan \xf0\x9f\x92\x94 #ONEOKROCK'
2019-08-24 18:29:09,b'RT @nurs18_: Favorit bgt nih \xe2\x99\xa5\xef\xb8\x8f\xf0\x9f\x98\xad\xf0\x9f\x98\xad\n#ONEOKROCK https://t.co/FCuDcEGLLA'
2019-08-24 18:28:53,b'RT @Taekook2114: Lagu patah hati internasional untuk ahn jaehyun dan goo hyesun\n\nINTINYA COWOK BUCIN GA MENJAMIN SETIA \xf0\x9f\x98\xa1\n\n#ONEOKROCK hearta\xe2\x80\xa6'
2019-08-24 18:27:21,b'DARI AKU UNTUK MAS TAKA #ONEOKROCK https://t.co/nilpXcwynm'
2019-08-24 18:26:16,b'tanggal 24 gk bisa streaming tanggal 25 harus bisa streaming\xf0\x9f\x98\xad #ONEOKROCK'
2019-08-24 18:26:14,b'RT @nurs18_: Favorit bgt nih \xe2\x99\xa5\xef\xb8\x8f\xf0\x9f\x98\xad\xf0\x9f\x98\xad\n#ONEOKROCK https://t.co/FCuDcEGLLA'
2019-08-24 18:24:15,b'RT @Taekook2114: Ada beberapa hal yg kita udah berekspetasi tinggi tapi kenyataannya ga sesuai mungkin aku yg terlalu berharap\xf0\x9f\x99\x82\n\n#ONEOKROCK\xe2\x80\xa6'
2019-08-24 18:23:38,"b'Nostalgia ajalah udah, pertama kali suka tahun 2015, denger lagu The Beginning ost Rurouni Kenshin , coba cari diyo\xe2\x80\xa6 https://t.co/n8jc9waBYz'"
2019-08-24 18:22:54,b'Jangan lupa sediakan kuota buat streaming #ONEOKROCK  hari ini last'
2019-08-24 18:22:48,"b""Tapi keren juga sih #ONEOKROCK jadi trending pas One O'Clock (jam 1)"""
2019-08-24 18:22:30,b'RT @nurs18_: Favorit bgt nih \xe2\x99\xa5\xef\xb8\x8f\xf0\x9f\x98\xad\xf0\x9f\x98\xad\n#ONEOKROCK https://t.co/FCuDcEGLLA'
2019-08-24 18:22:21,b'RT @nurs18_: Favorit bgt nih \xe2\x99\xa5\xef\xb8\x8f\xf0\x9f\x98\xad\xf0\x9f\x98\xad\n#ONEOKROCK https://t.co/FCuDcEGLLA'
2019-08-24 18:21:54,"b'Satu\xc2\xb2nya band jepang yg gue suka. Lagunya enak, liriknya ga aneh. Beda banget sama band jepang yg lain. #ONEOKROCK'"
2019-08-24 18:21:45,b'RT @nurs18_: Favorit bgt nih \xe2\x99\xa5\xef\xb8\x8f\xf0\x9f\x98\xad\xf0\x9f\x98\xad\n#ONEOKROCK https://t.co/FCuDcEGLLA'
2019-08-24 18:21:37,b'Babang-babang tamvan trending uwuuu #ONEOKROCK'
2019-08-24 18:21:33,b'RT @nurs18_: Favorit bgt nih \xe2\x99\xa5\xef\xb8\x8f\xf0\x9f\x98\xad\xf0\x9f\x98\xad\n#ONEOKROCK https://t.co/FCuDcEGLLA'
2019-08-24 18:20:15,b'Make an appreciation to the music\nAda era nya masing2\n#ONEOKROCK era patah hati\nDimash era kebangkitan\xe2\x80\xa6 https://t.co/n7Pur9TTgj'
2019-08-24 18:19:00,b'Kayaknya #ONEOKROCK ini jadi trending pada seneng banget ya'
2019-08-24 18:18:54,b'RT @nurs18_: Favorit bgt nih \xe2\x99\xa5\xef\xb8\x8f\xf0\x9f\x98\xad\xf0\x9f\x98\xad\n#ONEOKROCK https://t.co/FCuDcEGLLA'
2019-08-24 18:18:38,b'RT @nurs18_: Favorit bgt nih \xe2\x99\xa5\xef\xb8\x8f\xf0\x9f\x98\xad\xf0\x9f\x98\xad\n#ONEOKROCK https://t.co/FCuDcEGLLA'
2019-08-24 18:17:02,b'Besok jangan lupa siapin kuota buat nonton yg orchestra hahha #ONEOKROCK'
2019-08-24 18:17:00,b'RT @nurs18_: Favorit bgt nih \xe2\x99\xa5\xef\xb8\x8f\xf0\x9f\x98\xad\xf0\x9f\x98\xad\n#ONEOKROCK https://t.co/FCuDcEGLLA'
2019-08-24 18:15:52,b'ada apa #ONEOKROCK https://t.co/VCzXBL8ZCX'
2019-08-24 18:15:34,b'RT @nurs18_: Favorit bgt nih \xe2\x99\xa5\xef\xb8\x8f\xf0\x9f\x98\xad\xf0\x9f\x98\xad\n#ONEOKROCK https://t.co/FCuDcEGLLA'
2019-08-24 18:15:34,b'RT @CobaTanyaBapak: siap2 quota mereka akan berdendang malam ini\n#ONEOKROCK\n#AmbitionsJapanDomeTour https://t.co/72TBFjyHQK'
2019-08-24 18:14:38,b'GET REDEHHH KUOTA EMAK MASIH PENUUUUHHHHHH  #ONEOKROCK'
2019-08-24 18:13:58,b'RT @nurs18_: Favorit bgt nih \xe2\x99\xa5\xef\xb8\x8f\xf0\x9f\x98\xad\xf0\x9f\x98\xad\n#ONEOKROCK https://t.co/FCuDcEGLLA'
2019-08-24 18:13:32,b'RT @nurs18_: Favorit bgt nih \xe2\x99\xa5\xef\xb8\x8f\xf0\x9f\x98\xad\xf0\x9f\x98\xad\n#ONEOKROCK https://t.co/FCuDcEGLLA'
2019-08-24 18:12:45,"b'RT @Vinayu1711: Yah baru liat tren, lama tak dengar suara khasnya Taka .\n\n#ONEOKROCK https://t.co/TySGHKpJm3'"
2019-08-24 18:12:27,b'RT @nurs18_: Favorit bgt nih \xe2\x99\xa5\xef\xb8\x8f\xf0\x9f\x98\xad\xf0\x9f\x98\xad\n#ONEOKROCK https://t.co/FCuDcEGLLA'
2019-08-24 18:12:26,b'RT @nurs18_: Favorit bgt nih \xe2\x99\xa5\xef\xb8\x8f\xf0\x9f\x98\xad\xf0\x9f\x98\xad\n#ONEOKROCK https://t.co/FCuDcEGLLA'
2019-08-24 18:11:54,b'RT @CobaTanyaBapak: siap2 quota mereka akan berdendang malam ini\n#ONEOKROCK\n#AmbitionsJapanDomeTour https://t.co/72TBFjyHQK'
2019-08-24 18:11:32,b'RT @CobaTanyaBapak: siap2 quota mereka akan berdendang malam ini\n#ONEOKROCK\n#AmbitionsJapanDomeTour https://t.co/72TBFjyHQK'
2019-08-24 18:08:55,b'Favorit bgt nih \xe2\x99\xa5\xef\xb8\x8f\xf0\x9f\x98\xad\xf0\x9f\x98\xad\n#ONEOKROCK https://t.co/FCuDcEGLLA'
2019-08-24 18:08:39,b'Mantan yg sempat terlupa\nResiko gonta ganti celebrity crush\xf0\x9f\x92\x94\n#ONEOKROCK https://t.co/dx211o2N7b'
2019-08-24 18:08:24,b'RT @HaruYuka_2106: cuma nunggu ini. nonton bareng fans seluruh duniaaa\n\n#ONEOKROCK #AmbitionsJAPANDOMETOUR https://t.co/Kq46NQj5DL'
2019-08-24 18:07:36,b'Hiyahiyahiya pada bingung kenapa trending lol\nSingkatnya channel youtube mereka ngadain premiere (nobar) 2 dvd mere\xe2\x80\xa6 https://t.co/KkwV8ofaYW'
2019-08-24 18:07:21,"b'Liat ini, lagi galo, otakku memutar lagu wherever you ar. bubay. #ONEOKROCK'"
2019-08-24 18:07:14,b'Gw dah subscribe channel #oneokrock dan gw gatau tadi ada streaming.'
2019-08-24 18:07:06,"b'Belum sanggup ke konser, belum juga sanggup beli DVD, cuman sanggup menikmati bahagia yg hqq ini lewat live streami\xe2\x80\xa6 https://t.co/cTfe3higQh'"
2019-08-24 18:06:36,"b'#ONEOKROCK keren banget lagu ini, ada yang tau ga judulnya apa ya? https://t.co/VyNAbNuTyQ'"
2019-08-24 18:04:56,b'Nyawang opo ae seng kenek disawang\n\n#BiroJomblo \n#ONEOKROCK https://t.co/QqmCoKOEPP'
2019-08-24 18:02:43,b'Wo trend pertama #ONEOKROCK https://t.co/2S8aoMYRfa'
2019-08-24 18:02:28,"b'Yah baru liat tren, lama tak dengar suara khasnya Taka .\n\n#ONEOKROCK https://t.co/TySGHKpJm3'"
2019-08-24 17:59:58,b'#ONEOKROCK kenapa trendingggg huaa seneng banget'
2019-08-24 17:59:12,b'Muncul trending  #ONEOKROCK\nOtw youtube\nMonmaap @astifistasari aku mengandalkanmu besok pagi\nBhay mau nonton ayang dulu~'
2019-08-24 17:57:45,b'ngikut ngetweet #ONEOKROCK sayangku uwu https://t.co/NQE3hJt5PC'
2019-08-24 17:57:35,b'YaAllah baru aja td keilangan semua mv oor urg:(  #ONEOKROCK'
2019-08-24 17:56:02,b'Gilsssss trending ke 1 cuy \xf0\x9f\x98\x98#ONEOKROCK'
2019-08-24 17:55:15,b'RT @Daeeemul: TOMOYAAAA !! \xf0\x9f\x98\xb1\n\n#ONEOKROCK https://t.co/hVcJ3l8HjU'
2019-08-24 17:55:04,b'Mau spam streaming tadi hahaha bae ku cakeeeep sekali \xf0\x9f\x98\x98\xf0\x9f\x98\x98\xf0\x9f\x98\x98 #ONEOKROCK #taka https://t.co/UQrtuTyCY8'
2019-08-24 17:54:46,b'RT @CobaTanyaBapak: siap2 quota mereka akan berdendang malam ini\n#ONEOKROCK\n#AmbitionsJapanDomeTour https://t.co/72TBFjyHQK'
2019-08-24 17:54:30,b'RT @CobaTanyaBapak: siap2 quota mereka akan berdendang malam ini\n#ONEOKROCK\n#AmbitionsJapanDomeTour https://t.co/72TBFjyHQK'
2019-08-24 17:54:20,"b'RT @aarrssfffmm: Tadi gk bisa streaming #ONEOKROCK gara2 gada kuota, huhu\xf0\x9f\x98\xad jiwa misqueenqu meronta\xf0\x9f\x98\xad\xf0\x9f\x98\xad'"
2019-08-24 17:54:13,b'baru pertama kali dengar dan fix langsung jatuh cinta\xf0\x9f\x96\xa4\n#ONEOKROCK\n\nhttps://t.co/dDVJSaYpHk'
2019-08-24 17:54:08,b'Dari sd sampe sekarang kalo sedih dengernya ini nah sekarang lagi ga sedih dengerin ini jadi sedih kelingan nak pas\xe2\x80\xa6 https://t.co/Ik7KrYGPZj'
2019-08-24 17:53:46,b'Konser penutup ONE OK ROCK JAPAN DOME sangar \xf0\x9f\x8e\x8a\n#ONEOKROCK2018AMBITIONSJAPANDOMETOUR #ONEOKROCK https://t.co/JAjsDRXvpD'
2019-08-24 17:52:16,b'Kesayangan Trending no 1\xf0\x9f\x98\xad\xf0\x9f\x98\xad\xf0\x9f\x98\xad\n#ONEOKROCK \n#ONEOKROCK2018AMBITIONSJAPANDOMETOUR https://t.co/jEThUWcSIc'
2019-08-24 17:52:15,b'ni yang nayangin Indosair pasti...\n\n#ONEOKROCK \n#BiroJomblo https://t.co/v7oeqcKLBt'
2019-08-24 17:51:33,"b'Tadi gk bisa streaming #ONEOKROCK gara2 gada kuota, huhu\xf0\x9f\x98\xad jiwa misqueenqu meronta\xf0\x9f\x98\xad\xf0\x9f\x98\xad'"
2019-08-24 17:50:56,b'RT @MBstarfire: Taka \xf0\x9f\x98\x98\xf0\x9f\xa4\x97 #ONEOKROCK https://t.co/z0oKK8G9Lg'
2019-08-24 17:50:51,b'RT @Daeeemul: TOMOYAAAA !! \xf0\x9f\x98\xb1\n\n#ONEOKROCK https://t.co/hVcJ3l8HjU'
2019-08-24 17:50:45,b'#ONEOKROCK \nLuffff one ok rock.. Akhirnya Trending.. Wkwkwkwkwkk \xe2\x9d\xa4\xef\xb8\x8f\xe2\x9d\xa4\xef\xb8\x8f\xe2\x9d\xa4\xef\xb8\x8f\xe2\x9d\xa4\xef\xb8\x8f\xe2\x9d\xa4\xef\xb8\x8f\xe2\x9d\xa4\xef\xb8\x8f\xe2\x9d\xa4\xef\xb8\x8f https://t.co/iWtW8mOpwz'
2019-08-24 17:50:41,b'RT @CobaTanyaBapak: siap2 quota mereka akan berdendang malam ini\n#ONEOKROCK\n#AmbitionsJapanDomeTour https://t.co/72TBFjyHQK'
2019-08-24 17:50:31,b'Otw nabung buat nonton Konser #ONEOKROCK  uwu'
2019-08-24 17:49:41,"b'jadi keingat mantan yg suka banget sama band ini, trus nyanyiin lagu nya #ONEOKROCK sambil senyum senyum ke aku :('"
2019-08-24 17:49:30,b'RT @CobaTanyaBapak: siap2 quota mereka akan berdendang malam ini\n#ONEOKROCK\n#AmbitionsJapanDomeTour https://t.co/72TBFjyHQK'
2019-08-24 17:49:15,b'saat ini #ONEOKROCK jadi trend no.4 https://t.co/6n3zz9RAPF'
2019-08-24 17:49:08,b'RT @ayusekaaar: Ingin menangis \xf0\x9f\x98\xad\xf0\x9f\x98\xad\xe2\x9d\xa4 \n\n#ToruYamashita\n#ONEOKROCK \n#ONEOKROCKwithOrchestraJapanTour2018 https://t.co/h94SBqu4Hr'
2019-08-24 17:48:53,b'RT @Dewiirani35: Makasih \xe2\x9d\xa4\xe2\x9d\xa4\xe2\x9d\xa4 @ONEOKROCK_japan \n#ONEOKROCK https://t.co/ltnZ5wdcLb'
2019-08-24 17:48:32,b'Band jepang yg keren menurut w ya #ONEOKROCK'
2019-08-24 17:48:20,b'OORkuuu\xf0\x9f\x98\xad\xf0\x9f\x92\x95 #ONEOKROCK https://t.co/0UI2g3P4Qr'
2019-08-24 17:47:55,b'#ONEOKROCK bisa trending dong'
2019-08-24 17:47:38,b'Takaaaa\xf0\x9f\x92\x9b #ONEOKROCK https://t.co/vwUZt49HGj'
2019-08-24 17:47:28,"b'udah cekidot bandung saat ini ?? ada yg lagi trend dan lagi banyak di perbincangkan,,,, gratisan pula... nih videon\xe2\x80\xa6 https://t.co/iDxYJsNXFd'"
2019-08-24 17:45:04,b'Kalian sering2 streaming dong biar trending trs #ONEOKROCK'
2019-08-24 17:44:35,b'Tbtb oor trend :o #ONEOKROCK'
2019-08-24 17:43:38,"b'Shooketh siak trending mesia #ONEOKROCK mati2 ingat tour :"""""")'"
2019-08-24 17:43:38,b'Aku suka lagu #ONEOKROCK yang judulnya wherever you are. Fix itu lagu dari jaman aku smp sering diputer ga bosen bosen sampe sekarang'
2019-08-24 17:43:00,b'RT @Taekook2114: Lagu patah hati internasional untuk ahn jaehyun dan goo hyesun\n\nINTINYA COWOK BUCIN GA MENJAMIN SETIA \xf0\x9f\x98\xa1\n\n#ONEOKROCK hearta\xe2\x80\xa6'
2019-08-24 17:42:48,b'MANTAP GAN #ONEOKROCK https://t.co/k20meLM9JC'
2019-08-24 17:42:16,b'RT @MBstarfire: Taka \xf0\x9f\x98\x98\xf0\x9f\xa4\x97 #ONEOKROCK https://t.co/z0oKK8G9Lg'
2019-08-24 17:42:01,b'Wedew #ONEOKROCK jadi trending topik nih sekarang?'
2019-08-24 17:41:27,"b'Pertama kenal one ok rock karena abang saya, lagu pertama yang saya dengar wherever you are, masih suka sampai sekarangg. #ONEOKROCK'"
2019-08-24 17:41:01,b'Ini kenapa trending? #ONEOKROCK'
2019-08-24 17:40:46,b'KENAWHY TRENDING.. ada yang mau ngasih tau #ONEOKROCK'
2019-08-24 17:38:07,b'Wihh #ONEOKROCK TT nihh\xf0\x9f\xa4\x9f'
2019-08-24 17:38:00,"b'Guys tolong dong bantu report akun \n@angelaauliaa87, karena telah melakukan penipuan /scammer sehingga akunnya di s\xe2\x80\xa6 https://t.co/7Uh3SSUpt0'"
2019-08-24 17:37:32,b'Yang pada nanya net 6.0 https://t.co/KvZfEqJeix #BiroJomblo #ONEOKROCK #PesonaAnies #MiladFPI #RivalsofAether #LIVARS #lovestory #net6_0'
2019-08-24 17:36:49,b'dari dulu gak taun kenapa selalu dengar lagu oneokrock yang wherever you are  #ONEOKROCK'
2019-08-24 17:36:17,b'ada apa dengan #ONEOKROCK ?? https://t.co/14dliotZEn'
2019-08-24 17:34:19,b'Dan ini lagu galau yg selalu gue puterin buat si kucup markucup bahkan smpe sekarang tetep gue nyanyiin klo tibatib\xe2\x80\xa6 https://t.co/HUyTGLfw48'
2019-08-24 17:30:52,"b""If u're real fans, please buy DVD/Blu-ray. And I too.. \n\nSemoga ada rejeki buat beli kedua nya\xf0\x9f\x99\x8f\n\n#ONEOKROCK"""
2019-08-24 17:29:10,b'Widihh #ONEOKROCK https://t.co/J94lKLw4mN'
2019-08-24 17:29:08,b'Beungeut eta beungeut konrtol\n\n#heartache #ONEOKROCK https://t.co/uKXeyA9BhE'
2019-08-24 17:27:31,b'Ini gila sih panggungnya #ONEOKROCK https://t.co/EjGSFBzVoi'
2019-08-24 17:27:14,b'Aku nggabisa nyanyi tapi karena ngerti lagunya jadi ikutan nyanyi meskipun gj dan agak fals\xf0\x9f\x98\x82\nMereka pada mainin lagunya #ONEOKROCK soalnya\xf0\x9f\x98\xad'
2019-08-24 17:26:25,b'Buka twitter malem2 liat #ONEOKROCK  jadi trending wey \xf0\x9f\x91\x8f\xf0\x9f\x91\x8f\xf0\x9f\x91\x8f\xf0\x9f\x98\x8d'
2019-08-24 17:25:59,b'Ngantuk tapi tetep maksain denger ini dulu. #ONEOKROCK https://t.co/iU4TNO8BOH'
2019-08-24 17:25:55,b'Kapan sih ke indo:( #ONEOKROCK'
2019-08-24 17:25:39,b'RT @Dand3lion1: O N E   O K   R O C K\ndan aku ga tahu harus bilang apalagi dengan karya2nya yg memberi semangat dan dukungan. Ini sangat ma\xe2\x80\xa6'
2019-08-24 17:17:50,b'makasih kepada amuse karna uda sediain streamingan di yt.. tumben kaga pelit wkwk..\n\n#oneokrock https://t.co/bwBNCqG4Gl'
2019-08-24 17:17:27,b'RT @fitrianidwiwahy: W kaga ngarti mereka ngomong apa \xf0\x9f\x98\xad \n#ONEOKROCK #ONEOKROCKJapanDomeTour2018 https://t.co/aTuilE5VX5'
2019-08-24 17:17:06,b'#ONEOKROCK lagi jadi trending...kapan dikau konser di Indo? Please'
2019-08-24 17:16:59,b'RT @MBstarfire: Taka \xf0\x9f\x98\x98\xf0\x9f\xa4\x97 #ONEOKROCK https://t.co/z0oKK8G9Lg'
2019-08-24 17:16:53,b'RT @Koi_i99: #ONEOKROCK serasa live beneran walaupun..... https://t.co/ukLCpE04E0'
2019-08-24 17:16:01,b'RT @adillaaf: WOI SUMPAH SI LIVE DI YT. GUA IDUP NGAPAIN AJA SI AMPE KETINGGALAN SESUATU YG PENTING GINI #ONEOKROCK'
2019-08-24 17:15:45,b'RT @wongkoar: #ONEOKROCK hanya penikmat streaming https://t.co/YQ0f6J7nJE'
2019-08-24 17:15:11,b'#ONEOKROCK serasa live beneran walaupun..... https://t.co/ukLCpE04E0'
2019-08-24 17:12:14,b'RT @fitrianidwiwahy: W kaga ngarti mereka ngomong apa \xf0\x9f\x98\xad \n#ONEOKROCK #ONEOKROCKJapanDomeTour2018 https://t.co/aTuilE5VX5'
2019-08-24 17:11:29,"b'Wahh rame juga yg nonton ape jadi trending gini #ONEOKROCK , gila sihh keren bgt konsernya tadi apalagi pas dilagu\xe2\x80\xa6 https://t.co/S8zcfR2p6c'"
2019-08-24 17:09:38,b'RT @lulululu10969: Ke bar bar an orang indo\n#ONEOKROCK https://t.co/6zAS4InlSn'
2019-08-24 17:04:50,b'RT @eh_daniii: Mantapp euy scream nya\xf0\x9f\xa4\x98\xf0\x9f\x8f\xbb\xf0\x9f\x98\xad\n#ONEOKROCK\n#TAKA\n#TORU\n#TOMO\n#RYOTA\n#TTTR\n#10969 https://t.co/dZtXT2wVEP'
2019-08-24 17:04:06,b'Jadi pen liat konser #ONEOKROCK \xf0\x9f\x98\xad'
2019-08-24 17:03:29,b'RT @CobaTanyaBapak: siap2 quota mereka akan berdendang malam ini\n#ONEOKROCK\n#AmbitionsJapanDomeTour https://t.co/72TBFjyHQK'
2019-08-24 17:03:22,b'RT @cacingkremi123: Kayaknya ini pl nya(?)\nYOK GAIS #oneokrock https://t.co/XnVcuOH7fz'
2019-08-24 17:03:18,"b'RT @lfajridw: #ONEOKROCK kata yang kumengerti Tokyone, Toru, Nani1!1! \xf0\x9f\x98\xad https://t.co/feBmHzUmUj'"
2019-08-24 17:03:09,b'WOI SUMPAH SI LIVE DI YT. GUA IDUP NGAPAIN AJA SI AMPE KETINGGALAN SESUATU YG PENTING GINI #ONEOKROCK'
2019-08-24 17:01:54,b'RT @MBstarfire: Taka \xf0\x9f\x98\x98\xf0\x9f\xa4\x97 #ONEOKROCK https://t.co/z0oKK8G9Lg'
2019-08-24 17:01:38,b'#ONEOKROCK selalu tranding no 1 di hati ane\xe2\x99\xa5\xef\xb8\x8f'
2019-08-24 17:01:08,b'Mantapp euy scream nya\xf0\x9f\xa4\x98\xf0\x9f\x8f\xbb\xf0\x9f\x98\xad\n#ONEOKROCK\n#TAKA\n#TORU\n#TOMO\n#RYOTA\n#TTTR\n#10969 https://t.co/dZtXT2wVEP'
2019-08-24 17:00:54,"b""So happy tonight!!!! Walopun cuma bisa live dari yt:')\nterimakasih sudah menemani malam minggu ku @ONEOKROCK_japan\xe2\x80\xa6 https://t.co/fW2LffgmP4"""
2019-08-24 16:59:25,b'RT @lulululu10969: Trending 3 in INDONESIA!\n#ONEOKROCK https://t.co/3R5AdjR6FB'
2019-08-24 16:57:34,b'Ga cukup sekali nonton #ONEOKROCK'
2019-08-24 16:55:22,b'RT @toyangestimo: Taka: nani Toru~\n\nEHEEEEEEEE\xf0\x9f\x92\x9e\n#ONEOKROCK \n#AmbitionsJAPANDOMETOUR'
2019-08-24 16:53:46,b'RT @defrifriandi: ENAK BAT WOY DIJADIIN AKUSTIK \xf0\x9f\xa4\xa9 \n\nGapaham lagi azz\n#ONEOKROCK\nhttps://t.co/Zdbx2eoS7m'
2019-08-24 16:53:15,b'Trending 3 in INDONESIA!\n#ONEOKROCK https://t.co/3R5AdjR6FB'
2019-08-24 16:47:57,b'RT @lulululu10969: Ke bar bar an orang indo\n#ONEOKROCK https://t.co/6zAS4InlSn'
2019-08-24 16:47:10,b'RT @defrifriandi: ENAK BAT WOY DIJADIIN AKUSTIK \xf0\x9f\xa4\xa9 \n\nGapaham lagi azz\n#ONEOKROCK\nhttps://t.co/Zdbx2eoS7m'
2019-08-24 16:47:01,b'Makasih \xe2\x9d\xa4\xe2\x9d\xa4\xe2\x9d\xa4 @ONEOKROCK_japan \n#ONEOKROCK https://t.co/ltnZ5wdcLb'
2019-08-24 16:44:07,b'Ke bar bar an orang indo\n#ONEOKROCK https://t.co/6zAS4InlSn'
2019-08-24 16:41:34,b'ENAK BAT WOY DIJADIIN AKUSTIK \xf0\x9f\xa4\xa9 \n\nGapaham lagi azz\n#ONEOKROCK\nhttps://t.co/Zdbx2eoS7m'
2019-08-24 16:35:07,"b'RT @JAPANFESS: *jpf SUMPAH GUYS PECAH BANGET KONSERNYA ONE OK ROCK AMBITIONS \xf0\x9f\x98\xad Malming w pecah banget malam ini. Yang nonton juga, share do\xe2\x80\xa6'"
2019-08-24 16:33:44,"b'Wah jadi kangen masa2 muda yg isinya lagu2 Jepang,termasuk band favorit ku #ONEOKROCK \xf0\x9f\x98\x82\xe2\x9d\xa4\xe2\x9d\xa4\xe2\x9d\xa4lagi konser ?'"
2019-08-24 16:22:57,b'RT @Taekook2114: Lagu patah hati internasional untuk ahn jaehyun dan goo hyesun\n\nINTINYA COWOK BUCIN GA MENJAMIN SETIA \xf0\x9f\x98\xa1\n\n#ONEOKROCK hearta\xe2\x80\xa6'
2019-08-24 16:20:18,b'Ampe kepikiran buat persiapan konser bsk\n\n\xe2\x80\x9cSenin gue cuti ajalah bodo amat\xe2\x80\x9d \xf0\x9f\x98\x82\xf0\x9f\x98\x82\xf0\x9f\x98\x82\n\nMana bisa abis streaming konser oo\xe2\x80\xa6 https://t.co/ogKv5Bls4F'
2019-08-24 16:18:10,b'Lagi seneng lagu All Mine  #ONEOKROCK'
2019-08-24 16:17:05,b'Rekap streaming konser td:\n\nPerform apa yg paling berkesan?\n\nMe:...............\n\nAnjir ga bisa milih \xf0\x9f\x98\x82\n\n#ONEOKROCK'
2019-08-24 16:08:42,b'Ini pas Change lupa lirik kan ya?\xf0\x9f\xa4\xa3  #ONEOKROCK https://t.co/onvlJSzsXl'
2019-08-24 15:59:45,b'Iya ya nyesel tadi gak makan sebelum nonton konser. Ternyata selelah ini padahal cuma duduk doang #ONEOKROCK \xf0\x9f\x98\x85'
2019-08-24 15:59:38,b'RT @MBstarfire: Taka \xf0\x9f\x98\x98\xf0\x9f\xa4\x97 #ONEOKROCK https://t.co/z0oKK8G9Lg'
2019-08-24 15:59:06,b'RT @MBstarfire: Taka \xf0\x9f\x98\x98\xf0\x9f\xa4\x97 #ONEOKROCK https://t.co/z0oKK8G9Lg'
2019-08-24 15:58:51,b'Taka \xf0\x9f\x98\x98\xf0\x9f\xa4\x97 #ONEOKROCK https://t.co/z0oKK8G9Lg'
2019-08-24 15:57:48,b'RT @kurorenji_: GANTENG BAT ANJJJJJJJJJJ!!!!!! \xf0\x9f\x98\xad\xf0\x9f\x98\xad\xf0\x9f\x98\xad\xf0\x9f\x98\xad\xf0\x9f\x98\xad #ONEOKROCK https://t.co/M1CMp4yXbW'
2019-08-24 15:57:17,b'Gue ampe bilang ga bakal makan malem karena \xe2\x80\x98kenyang\xe2\x80\x99 padahal mah pengen standby depan laptop aja..\n\nTrs skrg gue l\xe2\x80\xa6 https://t.co/9ZuzmuRmZJ'
2019-08-24 15:56:26,"b'Sejak kita lahir, kita belajar banyak hal. Semakin mendekati kematian, kita melupakan banyak hal. \n~ #OneOkRock (Deeper Deeper)'"
2019-08-24 15:55:10,"b'#ONEOKROCK kata yang kumengerti Tokyone, Toru, Nani1!1! \xf0\x9f\x98\xad https://t.co/feBmHzUmUj'"
2019-08-24 15:55:08,b'GANTENG BAT ANJJJJJJJJJJ!!!!!! \xf0\x9f\x98\xad\xf0\x9f\x98\xad\xf0\x9f\x98\xad\xf0\x9f\x98\xad\xf0\x9f\x98\xad #ONEOKROCK https://t.co/M1CMp4yXbW'
2019-08-24 15:54:25,b'RT @avifahnrs: Merinding part ini sampai akhir \xf0\x9f\xa5\xba\xf0\x9f\xa5\xba\xf0\x9f\xa4\xa7\xf0\x9f\xa4\xa7\n#ONEOKROCK https://t.co/vQmHjdvqug'
2019-08-24 15:50:54,b'RT @Taekook2114: GELAAAAAA KEREN BUANGEEET \xf0\x9f\x98\xad\xf0\x9f\x98\xad\xf0\x9f\x98\xad MO NANGIS GW RASANYA ORANG JEPANG KALAU UDAH KONSER DI DOME TUH SUMPAH KEREN BANGET \n#ONEOKR\xe2\x80\xa6'
2019-08-24 15:50:44,b'NAPASIK KEREN BGTTTT\xf0\x9f\x98\xad\xf0\x9f\x98\xad\xf0\x9f\x98\xad\xf0\x9f\x98\xad\xf0\x9f\x98\xad\xf0\x9f\x98\xad\xf0\x9f\x92\x96\xf0\x9f\x92\x96\xf0\x9f\x92\x96\xf0\x9f\x92\x96\xf0\x9f\x92\x96\xf0\x9f\x92\x96\xf0\x9f\x92\x96\xf0\x9f\x92\x96\xf0\x9f\x92\x96 #ONEOKROCK https://t.co/gqzNFVJAtV'
2019-08-24 15:50:16,b'LAH KO GUA BARU TAU YAK CUMAN DENGERIN LAGU2 NYA DOANG SIH EMANG ENAK PARAH #ONEOKROCK'
2019-08-24 15:49:04,"b'RT @JAPANFESS: *jpf SUMPAH GUYS PECAH BANGET KONSERNYA ONE OK ROCK AMBITIONS \xf0\x9f\x98\xad Malming w pecah banget malam ini. Yang nonton juga, share do\xe2\x80\xa6'"
2019-08-24 15:48:45,"b'#ONEOKROCK #ONEOKROCKJapanDomeTour2018 \n\nTomorrow Orchestra Ver, gaboleh kelewatan sisturr'"
2019-08-24 15:48:43,b'My baby TAKAHIRO MORIUCHI \n\xf0\x9f\x92\x97\xf0\x9f\x92\x97\xf0\x9f\x92\x97 \n#ONEOKROCK #\xe3\x83\xaf\xe3\x83\xb3\xe3\x82\xaa\xe3\x82\xaf #\xe3\x83\xaf\xe3\x83\xb3\xe3\x82\xaa\xe3\x82\xaf\xe3\x83\xad\xe3\x83\x83\xe3\x82\xaf #OOR #ONEOKROCKJapanDomeTour2018 https://t.co/Td98ZdHGLm'
2019-08-24 15:47:44,b'Besok ada lagi nih\n\n#ONEOKROCK \n#ONEOKROCKJapanDomeTour2018 \n#ONEOKROCKwithOrchestraJapanTour2018 https://t.co/CL1Xqy7DKF'
2019-08-24 15:46:26,b'Gue ampe kagak nyadar kuota tinggal 100mb gegara streamingan #ONEOKROCK #AmbitionsJapanDomeTour wkwkwk'
2019-08-24 15:46:03,b'Terima kasih untuk 2 setengah jam yang gak bisa diulang lagi di malam minggu ini :)) #ONEOKROCK\xe2\x80\xa6 https://t.co/WEnqJOxh3M'
2019-08-24 15:45:47,b'RT @Taekook2114: Lagu patah hati internasional untuk ahn jaehyun dan goo hyesun\n\nINTINYA COWOK BUCIN GA MENJAMIN SETIA \xf0\x9f\x98\xa1\n\n#ONEOKROCK hearta\xe2\x80\xa6'
2019-08-24 15:44:34,"b'RT @JAPANFESS: *jpf SUMPAH GUYS PECAH BANGET KONSERNYA ONE OK ROCK AMBITIONS \xf0\x9f\x98\xad Malming w pecah banget malam ini. Yang nonton juga, share do\xe2\x80\xa6'"
2019-08-24 15:44:21,"b""Kezeeel, baru nyampe list Nobody' Home udah gabisa ke play lagi \xf0\x9f\x98\xadpadahal masih ada 3 lagu encore dan nungguin lagu\xe2\x80\xa6 https://t.co/5ea8AWocUC"""
2019-08-24 15:42:17,b'#ONEOKROCK hanya penikmat streaming https://t.co/YQ0f6J7nJE'
2019-08-24 15:42:01,b'BESOK ADA LAGI ORCHESTRA AYO KITA NOBAR LAGI VIA TWEET SAMA FANS INTER YG LAIN #ONEOKROCK https://t.co/mtxSASoAum'
2019-08-24 15:40:38,"b'*jpf SUMPAH GUYS PECAH BANGET KONSERNYA ONE OK ROCK AMBITIONS \xf0\x9f\x98\xad Malming w pecah banget malam ini. Yang nonton juga,\xe2\x80\xa6 https://t.co/O1PJ24FluI'"
2019-08-24 15:37:33,b'Yah bubaaarrr\xf0\x9f\xa5\xba\n#ONEOKROCK \n#ONEOKROCK2018AMBITIONSJAPANDOMETOUR https://t.co/GlrTfTb19e'
2019-08-24 15:31:19,"b'Wah ini merinding nih, we are\n\n#ONEOKROCK \n#ONEOKROCK2018AMBITIONSJAPANDOMETOUR'"
2019-08-24 15:29:28,b'KANZEN KANKAKU DREAMER YAWLA #ONEOKROCK'
2019-08-24 15:29:23,b'Taka \xe2\x9d\xa4\xef\xb8\x8f\xe2\x9d\xa4\xef\xb8\x8f\xe2\x9d\xa4\xef\xb8\x8f\xe2\x9d\xa4\xef\xb8\x8f #ONEOKROCK'
2019-08-24 15:27:45,b'BAWAANNYA MO LONCAT2 ANJIRR #ONEOKROCK'
2019-08-24 15:27:39,b'nUMBAH WAN #ONEOKROCK #AmbitionsJAPANDOMETOUR'
2019-08-24 15:27:31,b'RT @Reicchi_: TORU-SAN KONO KYOKU SHIKA NAI AAHHHH\n#ONEOKROCK'
2019-08-24 15:27:04,b'TORUKA AHHH. #ONEOKROCK'
2019-08-24 15:26:29,b'RT @makamkt: KANZEN KANKAKU DREAMER OMG YESSSS #ONEOKROCK'
2019-08-24 15:26:14,b'TORU-SAN KONO KYOKU SHIKA NAI AAHHHH\n#ONEOKROCK'
2019-08-24 15:25:37,b'YEAHHH KANZEN KANGAKU DREAMER\n#ONEOKROCK \n#AmbitionsJAPANDOMETOUR'
2019-08-24 15:25:15,b'KANZEN KAN KAKU DRIIIIIMAAAAAAAA\n\n#ONEOKROCK \n#ONEOKROCK2018AMBITIONSJAPANDOMETOUR https://t.co/R6LxQ1GHFL'
2019-08-24 15:25:08,b'KANZEN KANKAKU DREAMER OMG YESSSS #ONEOKROCK'
2019-08-24 15:24:47,b'KKD!!!!!!!!!!! WOOOOYYYYY SEMPURNA BGT KEK NYA MALMING GUE #ONEOKROCK'
2019-08-24 15:24:44,b'OMAYA ITS FINALLY KANZEN KANKAKU DREAMER #ONEOKROCK'
2019-08-24 15:22:44,"b'Oke, No Bodys Home selalu sukses ngebuat gue berlinang air mata.\n\n#ONEOKROCK https://t.co/ECC0fI4DL5'"
2019-08-24 15:22:00,"b'Masih ada 2 lagu lagi abis ""change""\n\n#ONEOKROCK \n#ONEOKROCKJapanDomeTour2018'"
2019-08-24 15:21:08,b'Taka \xf0\x9f\x98\x82\xf0\x9f\x98\x82\xf0\x9f\x98\x82 #AmbitionsJAPANDOMETOUR #ONEOKROCK'
2019-08-24 15:20:53,b'Eh ini lagu apa ? #ONEOKROCK'
2019-08-24 15:19:38,b'RT @makamkt: KOKORO KARA AISHITERU YOOO @ONEOKROCK_japan ARIGATOUUU #ONEOKROCK'
2019-08-24 15:18:47,b'KOKORO KARA AISHITERU YOOO @ONEOKROCK_japan ARIGATOUUU #ONEOKROCK'
2019-08-24 15:14:37,b'How are you doing?\nSonna fuu ni ieru no ni mo jikan ga kakatta ne?\n\nItsudatte koko dake wa nukumori ya yasashi sa g\xe2\x80\xa6 https://t.co/iL6ATnFSh2'
2019-08-24 15:13:40,b'Finally mighty long fall ASJDKWKAIEAP\n#ONEOKROCK \n#AmbitionsJAPANDOMETOUR'
2019-08-24 15:12:39,b'Hello internet nak tersekat-sekat hari lain. Penting ni #ONEOKROCK'
2019-08-24 15:12:32,"b""Ketika saya dan @chika_grint galau mau nonton #kristsingto atau #ONEOKROCK \nWhy don't we put them together? \xf0\x9f\xa4\xa3 https://t.co/otS2rMQWCS"""
2019-08-24 15:12:19,b'Cape gue cape... jingkrak2 sambil duduk ya gini maleh \xf0\x9f\x98\x82 jd kek ngeden #ONEOKROCK'
2019-08-24 15:11:33,b'@ONEOKROCK_japan takaaaa its illegal boi #ONEOKROCK \n@ONEOKROCK_japan #AmbitionsJAPANDOMETOUR'
2019-08-24 15:10:40,b'MLF PARAAAAAAAHHHH!!!!!!! PETJAAAAAAAHHHHHHHHH!!!!!!! #ONEOKROCK'
2019-08-24 15:10:17,b'Udh ga ngerti sumpah serapah apa yg udh gue lafalinbuat nntn #ONEOKROCK'
2019-08-24 15:09:57,b'Jadi kangen headbang dulu pas OOR di GBK\n\n#ONEOKROCK \n#ONEOKROCK2018AMBITIONSJAPANDOMETOUR'
2019-08-24 15:07:30,b'#Uli gua lupa streaming #ONEOKROCK japan dome tour. \xf0\x9f\x98\xad\xf0\x9f\x98\xad\xf0\x9f\x98\xad'
2019-08-24 15:07:23,b'RT @ps_dreamers_hi: TAKA #ONEOKROCK https://t.co/AUlutaEDQ4'
2019-08-24 15:05:24,b'ASIK BGT SUMPAH SKYFALL!!!!!! \xf0\x9f\x98\x8d\xf0\x9f\x98\x8d\xf0\x9f\x98\x8d\xf0\x9f\x98\x8d\xf0\x9f\x94\xa5\xf0\x9f\x94\xa5\xf0\x9f\x94\xa5\xf0\x9f\x94\xa5\xf0\x9f\x94\xa5\xf0\x9f\x94\xa5 BURN BABE BUUUUUURRRNN !!!! #ONEOKROCK'
2019-08-24 15:04:33,b'Masatoooo my boii\n#ONEOKROCK\n#AmbitionsJapanDomeTour'
2019-08-24 15:03:53,b'RT @r1zutr4n: MASATOOOOOOOOOOOOOOOO KDKSMSJDLGKG\nMAHHHHHHHHHHHHHHHHH\nJDISKDIEISJSKGIF\nKENTAAAAAAAAAAA\n\nAHHHHHHHJJHHHHXDDLFOFIDK SKYFALL WIT\xe2\x80\xa6'
2019-08-24 15:03:37,b'MASATOOOOOOOOOOOOOOOO KDKSMSJDLGKG\nMAHHHHHHHHHHHHHHHHH\nJDISKDIEISJSKGIF\nKENTAAAAAAAAAAA\n\nAHHHHHHHJJHHHHXDDLFOFIDK S\xe2\x80\xa6 https://t.co/hGoHGnt3Q9'
2019-08-24 15:03:30,b'TORU MASATOO \xf0\x9f\x96\xa4\xf0\x9f\x96\xa4\xf0\x9f\x96\xa4 #ONEOKROCK'
2019-08-24 15:02:16,"b'Masato, Mah, Koie and Taka on one stage AJWWKNAHELAQPWBSKWLQSBSIQLQMABQK #ONEOKROCK'"
2019-08-24 15:02:08,b'RT @ennasan: JAPAN SCREAM TEAM!!!!! ADKJKLSHDDKSKNDJDKSLSL \n\n#ONEOKROCK'
2019-08-24 15:01:34,b'MASATO WOOOOOYYYYYY!!!!!! AH GA TAU BISA GILA GUE LIAT SKYFALL MODELAN GINI \xf0\x9f\x98\xad #ONEOKROCK'
2019-08-24 15:01:24,b'JAPAN SCREAM TEAM!!!!! ADKJKLSHDDKSKNDJDKSLSL \n\n#ONEOKROCK'
2019-08-24 15:01:04,b'Ada yg nonton? #ONEOKROCK #ONEOKROCK2018AMBITIONSJAPANDOMETOUR https://t.co/RSotOYABY3'
2019-08-24 15:00:49,"b'RT @Miya1995mitsuki: Taka said Owari no hajimari, I call it Headbanging no hajimari time lol #ONEOKROCK'"
2019-08-24 15:00:48,"b'RT @Miya1995mitsuki: Taka said Owari no hajimari, I call it Headbanging no hajimari time lol #ONEOKROCK'"
2019-08-24 15:00:35,"b'Taka said Owari no hajimari, I call it Headbanging no hajimari time lol #ONEOKROCK'"
2019-08-24 14:56:46,b'THE BEGINNING!!!!!!! \xf0\x9f\x98\xad\xf0\x9f\x98\xad\xf0\x9f\x98\xad\xf0\x9f\x98\xad\xf0\x9f\x98\xad\nTAKAAAAA\nRYOTAAAA\nTOMOOOO\nTORUUUUU\n\n#ONEOKROCK #ONEOKROCK2018AMBITIONSJAPANDOMETOUR'
2019-08-24 14:56:17,b'Owari no hajimari desu \xf0\x9f\x98\xad\xf0\x9f\x98\xad\xf0\x9f\x98\xad#ONEOKROCK'
2019-08-24 14:54:39,b'hoy the beginning na punyeta aggghhh #ONEOKROCK'
2019-08-24 14:53:18,b'No 9 Malaysia \xf0\x9f\xa4\x98\xf0\x9f\xa4\x98\xf0\x9f\x94\xa5\xf0\x9f\x94\xa5 #ONEOKROCK'
2019-08-24 14:52:18,b'Ya Allah trending jugak skskskksks #ONEOKROCK'
2019-08-24 14:50:51,b'RYOTAAAAAAAAAAAAAAAAAAAAAAAAAAAAAAAAAAAAAAAAAAAAAAAAAAAAAAAAAAAAA\nTAKAAAAAAAAAAAAAAAAAAAAAAAAAAAAAAAAAAAAAAAAAAAAAA\xe2\x80\xa6 https://t.co/1vLLMs7a8z'
2019-08-24 14:47:56,b'Anjirr merinding aink denger lengkingan suaranya babang Taka di lagu Take What You Want. Damn!\n\n#ONEOKROCK'
2019-08-24 14:47:20,b'TAKA #ONEOKROCK https://t.co/AUlutaEDQ4'
2019-08-24 14:45:56,"b'PALEMBANG, INDONESIA HERE \xf0\x9f\x99\x8c\xf0\x9f\x99\x8c\n#ONEOKROCK \n#ONEOKROCKJapanDomeTour2018 https://t.co/LuJvuPVvq0'"
2019-08-24 14:43:49,"b'Always.. apapun yg di omongin taka meski gue ga ngerti, pasti empowering bgt deh kata2nya \xf0\x9f\x98\x8d #ONEOKROCK'"
2019-08-24 14:39:55,b'KUOTAKU MENJERIT!!! \xf0\x9f\x98\x85\n#ONEOKROCK #ONEOKROCKJapanDomeTour2018 \n#AmbitionsJAPANDOMETOUR https://t.co/qRdLSI7GdX'
2019-08-24 14:39:33,b'Layan konsert utube je la mampu #Padu\n#Kacip #OneOkRock #ONEOKROCKJapanDomeTour2018 @ONEOKROCK_japan https://t.co/TPyXJYOMsG'
2019-08-24 14:38:28,b'ANJER LIVE STREAMING KONSER #ONEOKROCK DI YUTUP TUH MALEM INI?????\nEH GIMANA SIH? KOK TRENDING THAI DAH??? EH? GIMANA?'
2019-08-24 14:37:22,b'Yang mau coba streaming sapa tau tertarique https://t.co/hZb7bxVWnW\n\n#ONEOKROCK #OOR #10969'
2019-08-24 14:36:14,b'Tinggal menunggu  segmen 7 #JKT48keSCTV29 streaming #ONEOKROCK dulu'
2019-08-24 14:35:04,b'I w a s kinggg #ONEOKROCK'
2019-08-24 14:34:52,b'@omarkgat dari orang itu di hashtag #ONEOKROCK \xf0\x9f\x98\xa2'
2019-08-24 14:34:42,b'TAKAAAAAAAAAAAAAAAAAAAAAAAAAAAAAAAAAAAAAAAAAAAAAAAAAAAAAAAA\n#ONEOKROCK #\xe3\x83\xaf\xe3\x83\xb3\xe3\x82\xaa\xe3\x82\xaf #OORLiveParty #\xe3\x83\xaf\xe3\x83\xb3\xe3\x82\xaa\xe3\x82\xaf\xe3\x83\xa9\xe3\x82\xa4\xe3\x83\x96\xe3\x83\x91\xe3\x83\xbc\xe3\x83\x86\xe3\x82\xa3'
2019-08-24 14:32:42,b'Last dance accoustic version terbaik emang dah\n\n#ONEOKROCK \n#ONEOKROCK2018AMBITIONSJAPANDOMETOUR'
2019-08-24 14:31:26,b'Ryotaaaaaa!!! #ONEOKROCK'
2019-08-24 14:30:28,b'DPDP #ONEOKROCK'
2019-08-24 14:29:34,b'Utas ang gitara TORUUUUUU #ONEOKROCK'
2019-08-24 14:29:28,b'Ang hot ni Toru sa solo guitar nya\n#\xe3\x83\xaf\xe3\x83\xb3\xe3\x82\xaa\xe3\x82\xaf #ONEOKROCK'
2019-08-24 14:29:12,b'TORUUUUUUUUUUUUUUUUUUUUUUUUUUUUUUUUUUUUUUUUUUUUU\n#ONEOKROCK #ONEOKROCKJapanDomeTour2018\n\nLink: https://t.co/CBObbKQmNN'
2019-08-24 14:28:12,"b""Traumanya kadang sampe skrg. Jd takut buat gambar2 lg karna gambarku 'kejepang2an', takut buat nyanyi2 gitaran lagu\xe2\x80\xa6 https://t.co/yuPDfFbtW8"""
2019-08-24 14:27:06,b'Tomoya #ONEOKROCK'
2019-08-24 14:26:18,b'TOMOYAAAA !! \xf0\x9f\x98\xb1\n\n#ONEOKROCK https://t.co/hVcJ3l8HjU'
2019-08-24 14:26:10,b'TOMOYAAAAAAAAA #ONEOKROCK'
2019-08-24 14:24:46,b'TOMOYA GHAAAADDDD!!!!!! #ONEOKROCK #AmbitionsJAPANDOMETOUR @ONEOKROCK_japan'
2019-08-24 14:24:44,b'WAH GILA SEH VERSI AKUSTIK/RENDITIONNYA KEREN BANG..  BESOK GW COVER WKWK #ONEOKROCK #ONEOKROCKJapanDomeTour2018'
2019-08-24 14:23:54,b'Toru! Ryota! Tomoya! So good! #ONEOKROCK'
2019-08-24 14:23:18,b'TORU TOMOYA RYOTA \xf0\x9f\x94\xa5\xf0\x9f\x94\xa5\xf0\x9f\x94\xa5\n\n#ONEOKROCK #ONEOKROCKJapanDomeTour2018\n\nLink: https://t.co/CBObbKQmNN'
2019-08-24 14:19:53,b'Bat ang ganda ni Taka?\n#ONEOKROCK\n#AmbitionsJapanDomeTour'
2019-08-24 14:18:28,b'Woiiii last dance akustik doongggg. \xf0\x9f\x98\xad\n\n#ONEOKROCK #ONEOKROCKJapanDomeTour2018'
2019-08-24 14:14:53,b'suntukan na lang kami ni taka grrr #ONEOKROCK'
2019-08-24 14:14:19,"b'Jadi inget dulu pas lagi seneng2nya oor malah dikata2in..... Katanya wibu lah, antek jepang lah dll. Sumpah sampe a\xe2\x80\xa6 https://t.co/0SRdcoaZd9'"
2019-08-24 14:14:14,b'Ohhhhhh Taka solo session #ONEOKROCK'
2019-08-24 14:12:39,b'Taka with his biak tengah in #ONEOKROCK  \xe2\x9d\xa4\xe2\x9d\xa4\xe2\x9d\xa4\xe2\x9d\xa4\xf0\x9f\xa4\x98\xf0\x9f\x8f\xbb\xe2\x9d\xa4\xf0\x9f\xa4\x98\xf0\x9f\x8f\xbb\xe2\x9d\xa4\xf0\x9f\xa4\x98\xf0\x9f\x8f\xbb\xe2\x9d\xa4\xf0\x9f\xa4\x98\xf0\x9f\x8f\xbb\xe2\x9d\xa4\xf0\x9f\xa4\x98\xf0\x9f\x8f\xbb\xe2\x9d\xa4\xf0\x9f\xa4\x98\xf0\x9f\x8f\xbb\xe2\x9d\xa4 https://t.co/bPqw4LLgmA'
2019-08-24 14:12:19,b'My fave lines\n\nKokoro kara aiseru hito\nKokoro kara itoshii hito\nKono boku no ai no mannaka ni wa\nItsumo kimi ga iru kara \n\n#ONEOKROCK'
2019-08-24 14:10:06,"b'bingung woii pusing\nnonton streaming One Ok Rock plus mantau JKT48 in shanghai \xf0\x9f\x98\x82\xf0\x9f\x94\xa5 and HUT SCTV ,and 2moons2\nbolak b\xe2\x80\xa6 https://t.co/7b4eJZ1TmG'"
2019-08-24 14:08:51,b'AYYYYYSHIIIIITERUUUUYOOOOOOO #ONEOKROCK'
2019-08-24 14:07:44,b'Lagu galau sepanjang masaaaa Where ever you are #ONEOKROCK'
2019-08-24 14:06:15,b'Yaampun ak ketinggalan\xf0\x9f\x98\xad\xf0\x9f\x98\xad #ONEOKROCK https://t.co/CNSMp9OkAD'
2019-08-24 14:03:30,"b'aransemen cuma 1 gitar, dibikin senyaring mungkin #ONEOKROCK'"
2019-08-24 14:03:06,b'W kaga ngarti mereka ngomong apa \xf0\x9f\x98\xad \n#ONEOKROCK #ONEOKROCKJapanDomeTour2018 https://t.co/aTuilE5VX5'
2019-08-24 14:01:52,"b""Streaming live concert #ONEOKROCK yg besok pengen sm yg bisa nge translate bahasa jepang ah :'"""
2019-08-24 14:01:43,b'Taka: nani Toru~\n\nEHEEEEEEEE\xf0\x9f\x92\x9e\n#ONEOKROCK \n#AmbitionsJAPANDOMETOUR'
2019-08-24 14:01:21,b'Toru cuuru datta!! Mada cuuru desu   #ONEOKROCK'
2019-08-24 13:59:12,b'#oneokrock ayoooo ke Indonesia \xf0\x9f\x98\x81 https://t.co/QvyWElGsxc'
2019-08-24 13:58:37,b'Toru y u so hamsem \xf0\x9f\x98\x8d #ONEOKROCK'
2019-08-24 13:58:33,b'Ryota: Mori Chan \xf0\x9f\x98\x8d\xf0\x9f\x98\x8d\xf0\x9f\x98\x8d\xf0\x9f\x98\x8d #ONEOKROCK @ONEOKROCK_japan #AmbitionsJAPANDOMETOUR'
2019-08-24 13:58:12,b'Ryota calling Taka Mori-chan! #ONEOKROCK'
2019-08-24 13:58:08,b'Toru-san ngegitarnya depan gw ajaaaa...dijamin trus gw pingsan berdiri...\xf0\x9f\xa5\xb0\xf0\x9f\xa5\xb0\xf0\x9f\xa5\xb0\n\n#ONEOKROCK\xe2\x80\xa6 https://t.co/leP9YcPrzm'
2019-08-24 13:53:38,b'RT @Reicchi_: 20/20 TORUKA AAAAHHHH #ONEOKROCK'
2019-08-24 13:53:02,"b""I'M SO PROUD OF U BOISSSSS \xf0\x9f\x98\xad\xf0\x9f\x98\xad\xf0\x9f\x98\xad\xf0\x9f\x98\xad\xf0\x9f\x98\xad\xf0\x9f\x98\xad TAKA TORU RYOTA TOMOYA DAISUKIIIII\n#ONEOKROCK @ONEOKROCK_japan #AmbitionsJAPANDOMETOUR"""
2019-08-24 13:52:59,b'20/20 TORUKA AAAAHHHH #ONEOKROCK'
2019-08-24 13:52:54,b'MERINDING ANJIRRR BAGIAN SCENE OOR DARI TAHUN  KE TAHUN HUHU #ONEOKROCK #ONEOKROCKJapanDomeTour2018'
2019-08-24 13:52:31,b'OMG 2014 YOKOHAMA STADIUM T_T\n#ONEOKROCK #\xe3\x83\xaf\xe3\x83\xb3\xe3\x82\xaa\xe3\x82\xaf #OORLiveParty #\xe3\x83\xaf\xe3\x83\xb3\xe3\x82\xaa\xe3\x82\xaf\xe3\x83\xa9\xe3\x82\xa4\xe3\x83\x96\xe3\x83\x91\xe3\x83\xbc\xe3\x83\x86\xe3\x82\xa3'
2019-08-24 13:51:46,b'YOKOHAMA STADIUM #ONEOKROCK'
2019-08-24 13:51:04,b'YOKOHAMA ARENA!!! #ONEOKROCK'
2019-08-24 13:48:21,b'Gelaaa woyyy keren banget  takaaa toruuuu #ONEOKROCK #AmbitionsJAPANDOMETOUR'
2019-08-24 13:47:51,b'RT @Taekook2114: GELAAAAAA KEREN BUANGEEET \xf0\x9f\x98\xad\xf0\x9f\x98\xad\xf0\x9f\x98\xad MO NANGIS GW RASANYA ORANG JEPANG KALAU UDAH KONSER DI DOME TUH SUMPAH KEREN BANGET \n#ONEOKR\xe2\x80\xa6'
2019-08-24 13:46:15,b'Cakep banget laki gue huhuuuu #ONEOKROCk #ONEOKROCKwithOrchestraJapanTour2018 \nhttps://t.co/VuZei62Zzn https://t.co/XSjd2YpEB0'
2019-08-24 13:43:24,b'yang aku tunggu..... ONE WAY TICKET \n#ONEOKROCK #ONEOKROCKJapanDomeTour2018'
2019-08-24 13:43:18,b'TORUUUUU ASTAGHFIRULLAH #ONEOKROCK'
2019-08-24 13:42:53,b'STAHP. BUFFERING. JEEZUS\n\n#ONEOKROCK \n#AmbitionsJapanDomeTour'
2019-08-24 13:42:37,b'Ryota :( #ONEOKROCK'
2019-08-24 13:42:32,b'AAAAAAAAAAAAAAAAAAHHH TORU\n#ONEOKROCK #AmbitionsJAPANDOMETOUR'
2019-08-24 13:42:14,b'RT @Taekook2114: GELAAAAAA KEREN BUANGEEET \xf0\x9f\x98\xad\xf0\x9f\x98\xad\xf0\x9f\x98\xad MO NANGIS GW RASANYA ORANG JEPANG KALAU UDAH KONSER DI DOME TUH SUMPAH KEREN BANGET \n#ONEOKR\xe2\x80\xa6'
2019-08-24 13:39:15,b'Ingin menangis \xf0\x9f\x98\xad\xf0\x9f\x98\xad\xe2\x9d\xa4 \n\n#ToruYamashita\n#ONEOKROCK \n#ONEOKROCKwithOrchestraJapanTour2018 https://t.co/h94SBqu4Hr'
2019-08-24 13:39:05,b'Chorus! #ONEOKROCK'
2019-08-24 13:37:10,b'#ONEOKROCK #AmbitionsJAPANDOMETOUR takaaaaaa'
2019-08-24 13:36:49,b'TAKA!!!! \xe2\x9d\xa4\xef\xb8\x8f\xf0\x9f\x94\xa5 #ONEOKROCK'
2019-08-24 13:36:40,b'TAKAAAAAAA #ONEOKROCK'
2019-08-24 13:36:38,b'TAKA &lt;3 #OneOkRock'
2019-08-24 13:36:31,b'#ONEOKROCK #AmbitionsJAPANDOMETOUR tomoyaaaaaa'
2019-08-24 13:36:13,b'#ONEOKROCK #AmbitionsJAPANDOMETOUR RYOTAAAAAA'
2019-08-24 13:36:03,"b'#JogjaMemangIstimewa, jangan lupa nonton bersama #ONEOKROCK #Live'"
2019-08-24 13:35:41,b'PENGENG SUB ! HAHAHAH\n#ONEOKROCK'
2019-08-24 13:35:38,b'TORUUUUU \xf0\x9f\x94\xa5\xf0\x9f\x94\xa5\xf0\x9f\x94\xa5\xf0\x9f\x94\xa5\n#ONEOKROCK \n\nLink: https://t.co/CBObbKQmNN'
2019-08-24 13:35:38,b'Ryota\xf0\x9f\x98\x8d\xf0\x9f\x98\x8d\xf0\x9f\x98\x8d\n\n@ONEOKROCK_japan\n#ONEOKROCK\n#AmbitionJapanDomeTour'
2019-08-24 13:35:05,b'#BiroJomblo nyanyiin lagu #ONEOKROCK  wherever you are #lovestory https://t.co/ZY0O6nxzfh'
2019-08-24 13:34:48,b'TOMOYAAAAAA #ONEOKROCK'
2019-08-24 13:34:41,b'TOMOYA!!! \xf0\x9f\xa5\xb0 #ONEOKROCK'
2019-08-24 13:34:12,b'RYOTA!! \xf0\x9f\x98\x8d #ONEOKROCK'
2019-08-24 13:33:54,b'RYOTA \xf0\x9f\x98\x82\xf0\x9f\x98\x82\xf0\x9f\x98\x82\xf0\x9f\x98\x82\xf0\x9f\x98\x82 ISTG #ONEOKROCK #AmbitionsJAPANDOMETOUR'
2019-08-24 13:33:28,b'RYOTAAAAA #ONEOKROCK'
2019-08-24 13:31:38,b'OMG MY GAHHHH RYOTA &amp; TORU!!! #ONEOKROCK'
2019-08-24 13:31:09,b'WOOOH RYOTA!!! #ONEOKROCK'
2019-08-24 13:30:57,b'Gila sih gila ONE OK ROCK live performance memang lebih keren dri pada mvnya\n\n#ONEOKROCK \n#AmbitionsJAPANDOMETOUR'
2019-08-24 13:30:29,b'TAKAAAAAA!!!!! #ONEOKROCK  https://t.co/0ByKbtv62t'
2019-08-24 13:30:24,b'OOR IS LIT AS FAAKKKKKKKK GAKUAT GUEEEE #ONEOKROCK \n\nKOPI GUE SAMA SNACK GUE GA KESENTUH GEGARA MO NYANYI MULUUU'
2019-08-24 13:29:47,"b""TAKA'S DANCING IM- #ONEOKROCK"""
2019-08-24 13:26:31,b'Yow mainkan!\xf0\x9f\x94\xa5#ONEOKROCK\n#AMBITIONS #japandometour https://t.co/Z5x3uCjIaz'
2019-08-24 13:25:36,b'Apanihh bgstt Way in Back!!!!!!\n\n#ONEOKROCK'
2019-08-24 13:25:15,b'Fkakkfc Mikansei &amp; Kimi shidai b2b \xf0\x9f\x98\xad\n#ONEOKROCK'
2019-08-24 13:24:46,b'RYOTA BASSSSSS #ONEOKROCK'
2019-08-24 13:24:08,b'Ramaikan hastag #ONEOKROCK para OORer Indonesia!!'
2019-08-24 13:22:15,b'Jangan lupa ditonton guys!! Jangan lupa juga #ONEOKROCK nya yaaa https://t.co/tiLlnMbOtF'
2019-08-24 13:19:17,b'OHHHHHHHHHH OHHHOHHHHH OHHHH #ONEOKROCK'
2019-08-24 13:16:52,b'KAWAIIIII TOMOYAAAAA \xf0\x9f\x98\x8d\n#ONEOKROCK'
2019-08-24 13:16:31,b'eh yang Japan dome tour 2018 mah udah nonton keknya.. haha #oneokrock'
2019-08-24 13:16:01,b'Nonton konser dulu #ONEOKROCK https://t.co/aNLldqVXQG'
2019-08-24 13:15:32,b'PUTANGINA TORU :( #ONEOKROCK'
2019-08-24 13:15:20,b'Kimishidai Ressha!\n\nURL: https://t.co/s6LTli7tqp\n@ONEOKROCK_japan \n#ONEOKROCK\n#AmbitionsJapanDomeTour https://t.co/zhcDIJGBIP'
2019-08-24 13:14:18,b'#ONEOKROCK #ONEOKROCKwithOrchestraJapanTour2018 \n\nLuar biasaa \xf0\x9f\x91\x8f\xf0\x9f\x91\x8f\xf0\x9f\x91\x8f https://t.co/3Zi8PJnt2D'
2019-08-24 13:14:18,b'RT @Taekook2114: GELAAAAAA KEREN BUANGEEET \xf0\x9f\x98\xad\xf0\x9f\x98\xad\xf0\x9f\x98\xad MO NANGIS GW RASANYA ORANG JEPANG KALAU UDAH KONSER DI DOME TUH SUMPAH KEREN BANGET \n#ONEOKR\xe2\x80\xa6'
2019-08-24 13:13:26,b'KIMISHIDAI RESSHA!!! #ONEOKROCK'
2019-08-24 13:13:23,b'KIMISHIDAI RESSHA CKDNXKWLXKF IM SOBBING #ONEOKROCK'
2019-08-24 13:13:14,b'KIMISHIDAI RESSHAAAAA #ONEOKROCK'
2019-08-24 13:13:13,b'KIMISHIDAI RESSHAAAAA #ONEOKROCK'
2019-08-24 13:11:40,b'OMG RYOTAAAA #ONEOKROCK'
2019-08-24 13:09:39,b'GELAAAAAA KEREN BUANGEEET \xf0\x9f\x98\xad\xf0\x9f\x98\xad\xf0\x9f\x98\xad MO NANGIS GW RASANYA ORANG JEPANG KALAU UDAH KONSER DI DOME TUH SUMPAH KEREN BANGET\xe2\x80\xa6 https://t.co/aoT8fBl3z5'
2019-08-24 13:09:07,b'Pogi ni Ryotaa uwu\n#ONEOKROCK\n#AmbitionsJapanDomeTour'
2019-08-24 13:08:56,b'TOMOYAAAAA #ONEOKROCK'
2019-08-24 13:08:45,"b'Yang paling bikin penasaran tuh Premier Orchestra besok, tapi gak apa deh, lumayan bisa nonton dome tour lagi #ONEOKROCK'"
2019-08-24 13:07:37,b'Keren lah \xf0\x9f\x94\xa5\n#ONEOKROCK https://t.co/1XvdaXbQXP'
2019-08-24 13:07:11,b'Taka!!!\n\n #ONEOKROCK'
2019-08-24 13:06:53,b'Taka!!!!! #ONEOKROCK \n\nhttps://t.co/dKQIALvy9w'
2019-08-24 13:05:31,b'TAKAAAAA\n\n#ONEOKROCK'
2019-08-24 13:04:56,b'AHHHHHH TAKAAAAAA #ONEOKROCK'
2019-08-24 13:03:03,b'IZ STARTING TANGINA #ONEOKROCK'
2019-08-24 13:01:27,"b'niat mau bikin ppt, rapihin catetan, makan2, ngedrakor\nsmua ilang gegara #ONEOKROCK https://t.co/2J9cog8NMY'"
2019-08-24 12:56:18,"b""Ku bisa bersinar lebih dari siapa pun di dunia ini.\n~ #OneOkRock (Yes i'am)"""
2019-08-24 12:55:45,b'Mati lah besok orchestranya gimana jir wah daebak sih emang kalian #ONEOKROCK'
2019-08-24 12:55:20,b'RT @cacingkremi123: Kayaknya ini pl nya(?)\nYOK GAIS #oneokrock https://t.co/XnVcuOH7fz'
2019-08-24 12:55:04,b'Pamit bentar mau nonton #ONEOKROCK'
2019-08-24 12:53:48,b'@gdrabiahad aku semuanya kak wkwkwk\n #ONEOKROCK\n#AmbitionsJapanDomeTour'
2019-08-24 12:53:39,b'cuma nunggu ini. nonton bareng fans seluruh duniaaa\n\n#ONEOKROCK #AmbitionsJAPANDOMETOUR https://t.co/Kq46NQj5DL'
2019-08-24 12:52:42,b'Kayaknya ini pl nya(?)\nYOK GAIS #oneokrock https://t.co/XnVcuOH7fz'
2019-08-24 12:48:41,b'So many indonesian on live chat wkwkwk Ngegass lagi wkwkwk\n10 MINUTES BRUHHH\n\n #ONEOKROCK @ONEOKROCK_japan\xe2\x80\xa6 https://t.co/yHSQk7kiE3'
2019-08-24 12:47:47,b'#ONEOKROCK trending in Indonesia \xf0\x9f\x98\xad rindu jaman masih bucin setengah mati sama mas taka mas toru https://t.co/6AufQOUMHJ'
2019-08-24 12:46:01,b'15 menit lagi \n\n#ONEOKROCK'
2019-08-24 12:43:16,b'@1O969arisu harus  wkwwkwk #ONEOKROCK\n#AmbitionsJapanDomeTour'
2019-08-24 12:42:43,"b'bisa ga sih twitter ngetweet apa yg gue bilang, tngan gue ga snggup ini akjjajsajajnaj #ONEOKROCK\n#AmbitionsJapanDomeTour'"
2019-08-24 12:41:56,b'ADOHHHH CEPETAN DONGG NGGA SABAR YAMPUNNNM #ONEOKROCK'
2019-08-24 12:40:44,b'@yxnlors pokoknya malem ini mo pake hestek #oneokrock walau ga nyambung smaa oor jg tweet akunya wkwkw'
2019-08-24 12:40:34,b'Liat trending #ONEOKROCK jd pen nyanyi heartache sama wherever you are \xf0\x9f\x98\xad\xf0\x9f\x98\xad di kantor pasti nyetel itu walau belepotan japanese nya \xf0\x9f\x98\x82'
2019-08-24 12:40:04,"b""@1O969arisu Aamiin, mari kt mndoakan jaringan msing-msing kak :') #ONEOKROCK jngan lupa hesteg wkwkwk"""
2019-08-24 12:38:45,"b'tapi time ni pulakk aku rasa nak ngantuknya pun, tolong la time streaming nanti segarkan mata aii #ONEOKROCK'"
2019-08-24 12:35:44,"b'Wahh, di live chat kbnyakan orang Indonesia \xf0\x9f\x98\x8d\xf0\x9f\x98\x8d #ONEOKROCK #AmbitionsJAPANDOMETOUR'"
2019-08-24 12:35:26,b'YA ALLAH GA SABAR BANGET STREAMING KONSER OOR SEMOGA WIFI AKU GA NGE LAGGG \xf0\x9f\x98\xad\xf0\x9f\x98\xad\xf0\x9f\x98\xad #ONEOKROCK'
2019-08-24 12:32:41,b'Mantap jiwa\n\n#ONEOKROCK #oneokrockjapandometour https://t.co/rla9PSQrVq'
2019-08-24 12:32:36,b'RT @Taekook2114: Lagu patah hati internasional untuk ahn jaehyun dan goo hyesun\n\nINTINYA COWOK BUCIN GA MENJAMIN SETIA \xf0\x9f\x98\xa1\n\n#ONEOKROCK hearta\xe2\x80\xa6'
2019-08-24 12:30:54,b'RT @Taekook2114: Lagu patah hati internasional untuk ahn jaehyun dan goo hyesun\n\nINTINYA COWOK BUCIN GA MENJAMIN SETIA \xf0\x9f\x98\xa1\n\n#ONEOKROCK hearta\xe2\x80\xa6'
2019-08-24 12:24:29,"b'@Hi_Goldenness Min, kalau lu gak vlive...\nYaudah.. Aku tinggal nonton mereka..\n\nhttps://t.co/bscqY2yBEb\n\n#ONEOKROCK'"
2019-08-24 12:18:41,b'47 menit lagi \xf0\x9f\x98\x86\xf0\x9f\x98\x86\n#ONEOKROCK #AmbitionsJapanDomeTour'
2019-08-24 12:17:57,"b'RT @Yan9284: Jangankan utk memasukkan nama ku di dalam doa mu, nomor WA ku pun tak kau masukkan ke daftar kontak mu...\n\n#malamminggu #biroj\xe2\x80\xa6'"
2019-08-24 12:16:56,"b'Jangankan utk memasukkan nama ku di dalam doa mu, nomor WA ku pun tak kau masukkan ke daftar kontak mu...\xe2\x80\xa6 https://t.co/ncbj2OxaLy'"
2019-08-24 11:59:07,b'Siap-siaaapp!!!\n\n#ONEOKROCK https://t.co/eE0BO6B1o1'
2019-08-24 11:51:55,b'@YouTubeJapan @ONEOKROCK_japan sudah siap depan hp ini \xf0\x9f\x98\x8d\xf0\x9f\x98\x8d\xf0\x9f\x98\x8d #ONEOKROCK \n#AmbitionsJapanDomeTour'
2019-08-24 11:49:02,b'siap2 quota mereka akan berdendang malam ini\n#ONEOKROCK\n#AmbitionsJapanDomeTour https://t.co/72TBFjyHQK'
2019-08-24 11:45:38,"b'RT @gdrabiahad: Guys, terlebih non fans, yg pengen liat betapa gregetnya live concert one ok rock japan dome tour 2018, kalian mesti stream\xe2\x80\xa6'"
2019-08-24 11:44:55,b'lagu one ok rock yg paling kalian suka @Dand3lion1\n@svddenIy \nme : C.h.a.s.m.y.t.h\n\n#oneokrock #AmbitionsJapanDomeTour'
2019-08-24 11:18:20,b'GUYS JANGAN LUPA MALEM INI JAM 20.00 WIB #ONEOKROCK #AmbitionsJAPANDOMETOUR https://t.co/N47ECdvaeh'
2019-08-24 11:15:56,"b'Live streaming gaessss huhu hari ini #ONEOKROCK #AmbitionsJAPANDOMETOUR jangan sampe kelewat, nah besok giliran yg orchestranya.'"
2019-08-24 11:14:29,b'RT @Taekook2114: Lagu patah hati internasional untuk ahn jaehyun dan goo hyesun\n\nINTINYA COWOK BUCIN GA MENJAMIN SETIA \xf0\x9f\x98\xa1\n\n#ONEOKROCK hearta\xe2\x80\xa6'
2019-08-24 11:13:40,"b'Guys, terlebih non fans, yg pengen liat betapa gregetnya live concert one ok rock japan dome tour 2018, kalian mest\xe2\x80\xa6 https://t.co/PeIGp8WRUJ'"
2019-08-24 11:01:27,b'#ONEOKROCK TRENDING NOMOR 1 DONG DI SINI\xf0\x9f\x98\xad\xf0\x9f\x98\xad\xf0\x9f\x98\xad'
2019-08-24 10:17:33,b'Pose rambut apa se ini mas?? \nIni ga boleh ditarik tarik ya rambutnya.. \xf0\x9f\x99\x88\xf0\x9f\x99\x88\xf0\x9f\x98\x8b\xe2\x98\xba\xe2\x98\xba\xe2\x98\xba\nSudah terlalu cool ..jangan lupa nya\xe2\x80\xa6 https://t.co/wix8LMRZO5'
2019-08-24 10:07:10,b'O N E   O K   R O C K\ndan aku ga tahu harus bilang apalagi dengan karya2nya yg memberi semangat dan dukungan. Ini s\xe2\x80\xa6 https://t.co/IyNOFHtl2l'
2019-08-24 09:58:08,b'Kor mar di krubbbbbbb #ONEOKROCK'
2019-08-24 09:54:37,b'Hmm... kan ... lagu ini seliweran di malming ...pasti \nGood goodbye\xf0\x9f\x8e\x89\xf0\x9f\x8e\xb6\xf0\x9f\x8e\xb6 my fav songs. \nAnd dont forget OORErs\xe2\x80\xa6 https://t.co/8GNY3r4frI'
2019-08-24 08:26:04,b'ang tagal mag 9 sdjfbhs\n\n#ONEOKROCK'
2019-08-24 07:12:56,b'RT @lulululu10969: Gambar yang bisa anda dengar :)\n#ONEOKROCK https://t.co/Q6eySupSMZ'
2019-08-24 04:35:15,b'RT @lulululu10969: Gambar yang bisa anda dengar :)\n#ONEOKROCK https://t.co/Q6eySupSMZ'
2019-08-24 03:10:38,b'Gambar yang bisa anda dengar :)\n#ONEOKROCK https://t.co/Q6eySupSMZ'
2019-08-24 01:52:03,"b'Tanggal dan link streaming:\n\xe2\x91\xa1   ONE OK ROCK with Orchestra Japan Tour 2018\nMinggu, 25 Agustus 20.00 (WIB)\nURL:\xe2\x80\xa6 https://t.co/JP1CvGZCoN'"
2019-08-24 01:50:53,"b'Tanggal dan link streaming:\n\xe2\x91\xa0   ONE OK ROCK 2018 AMBITIONS JAPAN DOME TOUR\nSabtu, 24 Agustus 20.00 (WIB)\nURL:\xe2\x80\xa6 https://t.co/2Cm77LC4U2'"
2019-08-24 00:56:18,"b'Sejak kita lahir, kita belajar banyak hal. Semakin mendekati kematian, kita melupakan banyak hal. \n~ #OneOkRock (Deeper Deeper)'"
2019-08-23 21:56:23,"b""Ku bisa bersinar lebih dari siapa pun di dunia ini.\n~ #OneOkRock (Yes i'am)"""
2019-08-23 16:08:11,b'\xe2\x80\xa2\nKalo gabut ya nyanyi..\nIni lagu #favorite ku untuk saat ini.\nDari band @oneokrock_japan #oneokrock yg judulnya\xe2\x80\xa6 https://t.co/mSGUz1iFs2'
2019-08-23 13:53:42,b'RT @ONEOKROCK_japan: Guadalajara!!\n#ONEOKROCK #eyeofthestorm\nphoto by @JulenPhoto https://t.co/AJy0y3EWNX'
2019-08-23 11:42:38,b'TV \xe2\x9c\x94\xef\xb8\x8f\nSpeaker \xe2\x9c\x94\xef\xb8\x8f\nInternet \xe2\x9c\x94\xef\xb8\x8f\n\nSemua sudah siap untuk 2 hari besok...\n\n#ONEOKROCK https://t.co/KKFdfdFbrn'
2019-08-23 09:56:25,"b'Sejak kita lahir, kita belajar banyak hal. Semakin mendekati kematian, kita melupakan banyak hal. \n~ #OneOkRock (Deeper Deeper)'"
2019-08-23 06:56:18,"b""Ku bisa bersinar lebih dari siapa pun di dunia ini.\n~ #OneOkRock (Yes i'am)"""
2019-08-23 03:21:00,b'RT @Taekook2114: Lagu patah hati internasional untuk ahn jaehyun dan goo hyesun\n\nINTINYA COWOK BUCIN GA MENJAMIN SETIA \xf0\x9f\x98\xa1\n\n#ONEOKROCK hearta\xe2\x80\xa6'
2019-08-22 23:40:20,b'RT @Taekook2114: Lagu patah hati internasional untuk ahn jaehyun dan goo hyesun\n\nINTINYA COWOK BUCIN GA MENJAMIN SETIA \xf0\x9f\x98\xa1\n\n#ONEOKROCK hearta\xe2\x80\xa6'
2019-08-22 18:56:16,"b'Sejak kita lahir, kita belajar banyak hal. Semakin mendekati kematian, kita melupakan banyak hal. \n~ #OneOkRock (Deeper Deeper)'"
2019-08-22 15:56:25,"b""Ku bisa bersinar lebih dari siapa pun di dunia ini.\n~ #OneOkRock (Yes i'am)"""
2019-08-22 12:38:20,b'RT @Taekook2114: Lagu patah hati internasional untuk ahn jaehyun dan goo hyesun\n\nINTINYA COWOK BUCIN GA MENJAMIN SETIA \xf0\x9f\x98\xa1\n\n#ONEOKROCK hearta\xe2\x80\xa6'
2019-08-22 11:46:02,b'Mau Recover lagu ini tapi lupa bagian melodi mya \xf0\x9f\xa4\xa3 #oneokrock  https://t.co/cQzd6AMpkN'
2019-08-22 09:27:03,b'RT @avifahnrs: Merinding part ini sampai akhir \xf0\x9f\xa5\xba\xf0\x9f\xa5\xba\xf0\x9f\xa4\xa7\xf0\x9f\xa4\xa7\n#ONEOKROCK https://t.co/vQmHjdvqug'
2019-08-22 08:54:52,b'RT @ONEOKROCK_japan: Guadalajara!!\n#ONEOKROCK #eyeofthestorm\nphoto by @JulenPhoto https://t.co/AJy0y3EWNX'
2019-08-22 07:49:11,b'RT @ONEOKROCK_japan: Guadalajara!!\n#ONEOKROCK #eyeofthestorm\nphoto by @JulenPhoto https://t.co/AJy0y3EWNX'
2019-08-22 05:42:13,b'RT @Taekook2114: Lagu patah hati internasional untuk ahn jaehyun dan goo hyesun\n\nINTINYA COWOK BUCIN GA MENJAMIN SETIA \xf0\x9f\x98\xa1\n\n#ONEOKROCK hearta\xe2\x80\xa6'
2019-08-22 05:38:47,b'RT @Taekook2114: Lagu patah hati internasional untuk ahn jaehyun dan goo hyesun\n\nINTINYA COWOK BUCIN GA MENJAMIN SETIA \xf0\x9f\x98\xa1\n\n#ONEOKROCK hearta\xe2\x80\xa6'
2019-08-22 05:10:25,b'RT @Taekook2114: Lagu patah hati internasional untuk ahn jaehyun dan goo hyesun\n\nINTINYA COWOK BUCIN GA MENJAMIN SETIA \xf0\x9f\x98\xa1\n\n#ONEOKROCK hearta\xe2\x80\xa6'
2019-08-22 05:04:39,b'RT @Taekook2114: Lagu patah hati internasional untuk ahn jaehyun dan goo hyesun\n\nINTINYA COWOK BUCIN GA MENJAMIN SETIA \xf0\x9f\x98\xa1\n\n#ONEOKROCK hearta\xe2\x80\xa6'
2019-08-22 04:57:13,b'RT @Taekook2114: Lagu patah hati internasional untuk ahn jaehyun dan goo hyesun\n\nINTINYA COWOK BUCIN GA MENJAMIN SETIA \xf0\x9f\x98\xa1\n\n#ONEOKROCK hearta\xe2\x80\xa6'
2019-08-22 03:56:26,"b'Sejak kita lahir, kita belajar banyak hal. Semakin mendekati kematian, kita melupakan banyak hal. \n~ #OneOkRock (Deeper Deeper)'"
2019-08-22 03:56:02,b'RT @Taekook2114: Lagu patah hati internasional untuk ahn jaehyun dan goo hyesun\n\nINTINYA COWOK BUCIN GA MENJAMIN SETIA \xf0\x9f\x98\xa1\n\n#ONEOKROCK hearta\xe2\x80\xa6'
2019-08-22 03:44:05,b'RT @Taekook2114: Lagu patah hati internasional untuk ahn jaehyun dan goo hyesun\n\nINTINYA COWOK BUCIN GA MENJAMIN SETIA \xf0\x9f\x98\xa1\n\n#ONEOKROCK hearta\xe2\x80\xa6'
2019-08-22 03:26:25,b'RT @Taekook2114: Lagu patah hati internasional untuk ahn jaehyun dan goo hyesun\n\nINTINYA COWOK BUCIN GA MENJAMIN SETIA \xf0\x9f\x98\xa1\n\n#ONEOKROCK hearta\xe2\x80\xa6'
2019-08-22 03:05:06,b'RT @Taekook2114: Lagu patah hati internasional untuk ahn jaehyun dan goo hyesun\n\nINTINYA COWOK BUCIN GA MENJAMIN SETIA \xf0\x9f\x98\xa1\n\n#ONEOKROCK hearta\xe2\x80\xa6'
2019-08-22 02:19:37,b'RT @Taekook2114: Lagu patah hati internasional untuk ahn jaehyun dan goo hyesun\n\nINTINYA COWOK BUCIN GA MENJAMIN SETIA \xf0\x9f\x98\xa1\n\n#ONEOKROCK hearta\xe2\x80\xa6'
2019-08-22 02:18:56,b'RT @Taekook2114: Lagu patah hati internasional untuk ahn jaehyun dan goo hyesun\n\nINTINYA COWOK BUCIN GA MENJAMIN SETIA \xf0\x9f\x98\xa1\n\n#ONEOKROCK hearta\xe2\x80\xa6'
2019-08-22 01:42:22,b'RT @Taekook2114: Lagu patah hati internasional untuk ahn jaehyun dan goo hyesun\n\nINTINYA COWOK BUCIN GA MENJAMIN SETIA \xf0\x9f\x98\xa1\n\n#ONEOKROCK hearta\xe2\x80\xa6'
2019-08-22 01:00:02,b'RT @Taekook2114: Lagu patah hati internasional untuk ahn jaehyun dan goo hyesun\n\nINTINYA COWOK BUCIN GA MENJAMIN SETIA \xf0\x9f\x98\xa1\n\n#ONEOKROCK hearta\xe2\x80\xa6'
2019-08-22 00:56:18,"b""Ku bisa bersinar lebih dari siapa pun di dunia ini.\n~ #OneOkRock (Yes i'am)"""
2019-08-22 00:39:52,b'RT @Taekook2114: Lagu patah hati internasional untuk ahn jaehyun dan goo hyesun\n\nINTINYA COWOK BUCIN GA MENJAMIN SETIA \xf0\x9f\x98\xa1\n\n#ONEOKROCK hearta\xe2\x80\xa6'
2019-08-22 00:36:23,b'RT @Taekook2114: Lagu patah hati internasional untuk ahn jaehyun dan goo hyesun\n\nINTINYA COWOK BUCIN GA MENJAMIN SETIA \xf0\x9f\x98\xa1\n\n#ONEOKROCK hearta\xe2\x80\xa6'
2019-08-22 00:33:12,b'RT @Taekook2114: Lagu patah hati internasional untuk ahn jaehyun dan goo hyesun\n\nINTINYA COWOK BUCIN GA MENJAMIN SETIA \xf0\x9f\x98\xa1\n\n#ONEOKROCK hearta\xe2\x80\xa6'
2019-08-21 23:37:52,b'RT @Taekook2114: Lagu patah hati internasional untuk ahn jaehyun dan goo hyesun\n\nINTINYA COWOK BUCIN GA MENJAMIN SETIA \xf0\x9f\x98\xa1\n\n#ONEOKROCK hearta\xe2\x80\xa6'
2019-08-21 22:16:10,b'RT @Taekook2114: Lagu patah hati internasional untuk ahn jaehyun dan goo hyesun\n\nINTINYA COWOK BUCIN GA MENJAMIN SETIA \xf0\x9f\x98\xa1\n\n#ONEOKROCK hearta\xe2\x80\xa6'
2019-08-21 21:59:06,b'RT @Taekook2114: Lagu patah hati internasional untuk ahn jaehyun dan goo hyesun\n\nINTINYA COWOK BUCIN GA MENJAMIN SETIA \xf0\x9f\x98\xa1\n\n#ONEOKROCK hearta\xe2\x80\xa6'
2019-08-21 19:51:51,b'RT @Taekook2114: Lagu patah hati internasional untuk ahn jaehyun dan goo hyesun\n\nINTINYA COWOK BUCIN GA MENJAMIN SETIA \xf0\x9f\x98\xa1\n\n#ONEOKROCK hearta\xe2\x80\xa6'
2019-08-21 18:44:28,b'RT @Taekook2114: Lagu patah hati internasional untuk ahn jaehyun dan goo hyesun\n\nINTINYA COWOK BUCIN GA MENJAMIN SETIA \xf0\x9f\x98\xa1\n\n#ONEOKROCK hearta\xe2\x80\xa6'
2019-08-21 17:55:37,b'RT @Taekook2114: Lagu patah hati internasional untuk ahn jaehyun dan goo hyesun\n\nINTINYA COWOK BUCIN GA MENJAMIN SETIA \xf0\x9f\x98\xa1\n\n#ONEOKROCK hearta\xe2\x80\xa6'
2019-08-21 17:55:19,b'RT @Taekook2114: Lagu patah hati internasional untuk ahn jaehyun dan goo hyesun\n\nINTINYA COWOK BUCIN GA MENJAMIN SETIA \xf0\x9f\x98\xa1\n\n#ONEOKROCK hearta\xe2\x80\xa6'
2019-08-21 17:41:36,b'RT @Taekook2114: Lagu patah hati internasional untuk ahn jaehyun dan goo hyesun\n\nINTINYA COWOK BUCIN GA MENJAMIN SETIA \xf0\x9f\x98\xa1\n\n#ONEOKROCK hearta\xe2\x80\xa6'
2019-08-21 17:35:12,b'RT @Taekook2114: Lagu patah hati internasional untuk ahn jaehyun dan goo hyesun\n\nINTINYA COWOK BUCIN GA MENJAMIN SETIA \xf0\x9f\x98\xa1\n\n#ONEOKROCK hearta\xe2\x80\xa6'
2019-08-21 17:30:38,b'RT @Taekook2114: Lagu patah hati internasional untuk ahn jaehyun dan goo hyesun\n\nINTINYA COWOK BUCIN GA MENJAMIN SETIA \xf0\x9f\x98\xa1\n\n#ONEOKROCK hearta\xe2\x80\xa6'
2019-08-21 17:29:08,b'RT @Taekook2114: Lagu patah hati internasional untuk ahn jaehyun dan goo hyesun\n\nINTINYA COWOK BUCIN GA MENJAMIN SETIA \xf0\x9f\x98\xa1\n\n#ONEOKROCK hearta\xe2\x80\xa6'
2019-08-21 15:07:21,b'RT @ONEOKROCK_japan: Guadalajara!!\n#ONEOKROCK #eyeofthestorm\nphoto by @JulenPhoto https://t.co/AJy0y3EWNX'
2019-08-21 13:02:39,b'RT @Taekook2114: Lagu patah hati internasional untuk ahn jaehyun dan goo hyesun\n\nINTINYA COWOK BUCIN GA MENJAMIN SETIA \xf0\x9f\x98\xa1\n\n#ONEOKROCK hearta\xe2\x80\xa6'
2019-08-21 12:56:19,"b'Sejak kita lahir, kita belajar banyak hal. Semakin mendekati kematian, kita melupakan banyak hal. \n~ #OneOkRock (Deeper Deeper)'"
2019-08-21 12:02:12,b'Ada beberapa hal yg kita udah berekspetasi tinggi tapi kenyataannya ga sesuai mungkin aku yg terlalu berharap\xf0\x9f\x99\x82\xe2\x80\xa6 https://t.co/m9pCUAdX9d'
2019-08-21 09:56:23,"b""Ku bisa bersinar lebih dari siapa pun di dunia ini.\n~ #OneOkRock (Yes i'am)"""
2019-08-21 09:09:07,b'RT @ONEOKROCK_japan: Guadalajara!!\n#ONEOKROCK #eyeofthestorm\nphoto by @JulenPhoto https://t.co/AJy0y3EWNX'
2019-08-21 06:30:53,"b'Sebeeel,gak dapat lottery buat nonton konsernya #oneokrock. Mau beli dvdnya jadi males *alesan ini mah,karena dvdny\xe2\x80\xa6 https://t.co/KlzMGRSISN'"
2019-08-21 03:07:55,b'RT @ONEOKROCK_japan: Guadalajara!!\n#ONEOKROCK #eyeofthestorm\nphoto by @JulenPhoto https://t.co/AJy0y3EWNX'
2019-08-21 02:58:17,b'RT @ONEOKROCK_japan: Guadalajara!!\n#ONEOKROCK #eyeofthestorm\nphoto by @JulenPhoto https://t.co/AJy0y3EWNX'
2019-08-21 01:55:09,b'RT @ONEOKROCK_japan: Guadalajara!!\n#ONEOKROCK #eyeofthestorm\nphoto by @JulenPhoto https://t.co/AJy0y3EWNX'
2019-08-21 00:54:38,b'RT @ONEOKROCK_japan: Guadalajara!!\n#ONEOKROCK #eyeofthestorm\nphoto by @JulenPhoto https://t.co/AJy0y3EWNX'
2019-08-20 21:56:22,"b'Sejak kita lahir, kita belajar banyak hal. Semakin mendekati kematian, kita melupakan banyak hal. \n~ #OneOkRock (Deeper Deeper)'"
2019-08-20 21:52:22,b'RT @Taekook2114: Lagu patah hati internasional untuk ahn jaehyun dan goo hyesun\n\nINTINYA COWOK BUCIN GA MENJAMIN SETIA \xf0\x9f\x98\xa1\n\n#ONEOKROCK hearta\xe2\x80\xa6'
2019-08-20 18:56:18,"b""Ku bisa bersinar lebih dari siapa pun di dunia ini.\n~ #OneOkRock (Yes i'am)"""
2019-08-20 17:41:38,b'RT @yoops3: // Yokohama Stadium vs Saitama Arena //\n\n#parallels #clockstrikes #taka #oneokrock https://t.co/UQiHZ0VPMF'
2019-08-20 06:56:18,"b'Sejak kita lahir, kita belajar banyak hal. Semakin mendekati kematian, kita melupakan banyak hal. \n~ #OneOkRock (Deeper Deeper)'"
2019-08-20 03:56:25,"b""Ku bisa bersinar lebih dari siapa pun di dunia ini.\n~ #OneOkRock (Yes i'am)"""
2019-08-19 15:56:27,"b'Sejak kita lahir, kita belajar banyak hal. Semakin mendekati kematian, kita melupakan banyak hal. \n~ #OneOkRock (Deeper Deeper)'"
2019-08-19 14:23:58,b'RT @ONEOKROCK_japan: Guadalajara!!\n#ONEOKROCK #eyeofthestorm\nphoto by @JulenPhoto https://t.co/AJy0y3EWNX'
2019-08-19 12:56:20,"b""Ku bisa bersinar lebih dari siapa pun di dunia ini.\n~ #OneOkRock (Yes i'am)"""
2019-08-19 09:34:10,b'RT @Taekook2114: Lagu patah hati internasional untuk ahn jaehyun dan goo hyesun\n\nINTINYA COWOK BUCIN GA MENJAMIN SETIA \xf0\x9f\x98\xa1\n\n#ONEOKROCK hearta\xe2\x80\xa6'
2019-08-19 00:56:19,"b'Sejak kita lahir, kita belajar banyak hal. Semakin mendekati kematian, kita melupakan banyak hal. \n~ #OneOkRock (Deeper Deeper)'"
2019-08-18 21:56:22,"b""Ku bisa bersinar lebih dari siapa pun di dunia ini.\n~ #OneOkRock (Yes i'am)"""
2019-08-18 19:27:00,b'RT @ONEOKROCK_japan: Guadalajara!!\n#ONEOKROCK #eyeofthestorm\nphoto by @JulenPhoto https://t.co/AJy0y3EWNX'
2019-08-18 18:00:02,b'RT @ONEOKROCK_japan: Guadalajara!!\n#ONEOKROCK #eyeofthestorm\nphoto by @JulenPhoto https://t.co/AJy0y3EWNX'
2019-08-18 17:28:13,b'Taka \xf0\x9f\x98\xad\xf0\x9f\x98\xad\xf0\x9f\x98\xad\xf0\x9f\x98\xad\xf0\x9f\x98\xad\xf0\x9f\x98\x8d\xf0\x9f\x98\x8d\xf0\x9f\x98\x8d\xf0\x9f\x98\x8d\xf0\x9f\x98\x8d\xf0\x9f\x98\x8d #ONEOKROCK #standoutfitin #wastednight https://t.co/WGU39A43Am'
2019-08-18 14:24:29,"b'bagi yang mau telephone dvd #ONEOKROCK karena kita diluar Jepang, jadi cara telephone nya\nKODE SLI + KODE NEGARA +\xe2\x80\xa6 https://t.co/l2i45HhYb7'"
2019-08-18 12:44:23,b'RT @Taekook2114: Lagu patah hati internasional untuk ahn jaehyun dan goo hyesun\n\nINTINYA COWOK BUCIN GA MENJAMIN SETIA \xf0\x9f\x98\xa1\n\n#ONEOKROCK hearta\xe2\x80\xa6'
2019-08-18 12:09:18,b'RT @Taekook2114: Lagu patah hati internasional untuk ahn jaehyun dan goo hyesun\n\nINTINYA COWOK BUCIN GA MENJAMIN SETIA \xf0\x9f\x98\xa1\n\n#ONEOKROCK hearta\xe2\x80\xa6'
2019-08-18 11:59:30,b'RT @Taekook2114: Lagu patah hati internasional untuk ahn jaehyun dan goo hyesun\n\nINTINYA COWOK BUCIN GA MENJAMIN SETIA \xf0\x9f\x98\xa1\n\n#ONEOKROCK hearta\xe2\x80\xa6'
2019-08-18 11:43:44,b'RT @Taekook2114: Lagu patah hati internasional untuk ahn jaehyun dan goo hyesun\n\nINTINYA COWOK BUCIN GA MENJAMIN SETIA \xf0\x9f\x98\xa1\n\n#ONEOKROCK hearta\xe2\x80\xa6'
2019-08-18 11:23:31,b'RT @Taekook2114: Lagu patah hati internasional untuk ahn jaehyun dan goo hyesun\n\nINTINYA COWOK BUCIN GA MENJAMIN SETIA \xf0\x9f\x98\xa1\n\n#ONEOKROCK hearta\xe2\x80\xa6'
2019-08-18 11:19:56,b'RT @Taekook2114: Lagu patah hati internasional untuk ahn jaehyun dan goo hyesun\n\nINTINYA COWOK BUCIN GA MENJAMIN SETIA \xf0\x9f\x98\xa1\n\n#ONEOKROCK hearta\xe2\x80\xa6'
2019-08-18 10:59:59,b'RT @ONEOKROCK_japan: Guadalajara!!\n#ONEOKROCK #eyeofthestorm\nphoto by @JulenPhoto https://t.co/AJy0y3EWNX'
2019-08-18 10:40:39,b'RT @Taekook2114: Lagu patah hati internasional untuk ahn jaehyun dan goo hyesun\n\nINTINYA COWOK BUCIN GA MENJAMIN SETIA \xf0\x9f\x98\xa1\n\n#ONEOKROCK hearta\xe2\x80\xa6'
2019-08-18 10:40:10,b'RT @Taekook2114: Lagu patah hati internasional untuk ahn jaehyun dan goo hyesun\n\nINTINYA COWOK BUCIN GA MENJAMIN SETIA \xf0\x9f\x98\xa1\n\n#ONEOKROCK hearta\xe2\x80\xa6'
2019-08-18 10:32:29,b'RT @Taekook2114: Lagu patah hati internasional untuk ahn jaehyun dan goo hyesun\n\nINTINYA COWOK BUCIN GA MENJAMIN SETIA \xf0\x9f\x98\xa1\n\n#ONEOKROCK hearta\xe2\x80\xa6'
2019-08-18 10:22:46,b'RT @Taekook2114: Lagu patah hati internasional untuk ahn jaehyun dan goo hyesun\n\nINTINYA COWOK BUCIN GA MENJAMIN SETIA \xf0\x9f\x98\xa1\n\n#ONEOKROCK hearta\xe2\x80\xa6'
2019-08-18 10:10:47,b'RT @Taekook2114: Lagu patah hati internasional untuk ahn jaehyun dan goo hyesun\n\nINTINYA COWOK BUCIN GA MENJAMIN SETIA \xf0\x9f\x98\xa1\n\n#ONEOKROCK hearta\xe2\x80\xa6'
2019-08-18 09:56:24,"b'Sejak kita lahir, kita belajar banyak hal. Semakin mendekati kematian, kita melupakan banyak hal. \n~ #OneOkRock (Deeper Deeper)'"
2019-08-18 08:54:49,b'RT @Taekook2114: Lagu patah hati internasional untuk ahn jaehyun dan goo hyesun\n\nINTINYA COWOK BUCIN GA MENJAMIN SETIA \xf0\x9f\x98\xa1\n\n#ONEOKROCK hearta\xe2\x80\xa6'
2019-08-18 08:32:51,b'RT @Taekook2114: Lagu patah hati internasional untuk ahn jaehyun dan goo hyesun\n\nINTINYA COWOK BUCIN GA MENJAMIN SETIA \xf0\x9f\x98\xa1\n\n#ONEOKROCK hearta\xe2\x80\xa6'
2019-08-18 08:28:59,b'RT @Taekook2114: Lagu patah hati internasional untuk ahn jaehyun dan goo hyesun\n\nINTINYA COWOK BUCIN GA MENJAMIN SETIA \xf0\x9f\x98\xa1\n\n#ONEOKROCK hearta\xe2\x80\xa6'
2019-08-18 08:22:58,b'RT @Taekook2114: Lagu patah hati internasional untuk ahn jaehyun dan goo hyesun\n\nINTINYA COWOK BUCIN GA MENJAMIN SETIA \xf0\x9f\x98\xa1\n\n#ONEOKROCK hearta\xe2\x80\xa6'
2019-08-18 08:04:32,b'RT @Taekook2114: Lagu patah hati internasional untuk ahn jaehyun dan goo hyesun\n\nINTINYA COWOK BUCIN GA MENJAMIN SETIA \xf0\x9f\x98\xa1\n\n#ONEOKROCK hearta\xe2\x80\xa6'
2019-08-18 07:50:43,b'RT @Taekook2114: Lagu patah hati internasional untuk ahn jaehyun dan goo hyesun\n\nINTINYA COWOK BUCIN GA MENJAMIN SETIA \xf0\x9f\x98\xa1\n\n#ONEOKROCK hearta\xe2\x80\xa6'
2019-08-18 07:43:11,b'RT @Taekook2114: Lagu patah hati internasional untuk ahn jaehyun dan goo hyesun\n\nINTINYA COWOK BUCIN GA MENJAMIN SETIA \xf0\x9f\x98\xa1\n\n#ONEOKROCK hearta\xe2\x80\xa6'
2019-08-18 07:36:51,b'RT @Taekook2114: Lagu patah hati internasional untuk ahn jaehyun dan goo hyesun\n\nINTINYA COWOK BUCIN GA MENJAMIN SETIA \xf0\x9f\x98\xa1\n\n#ONEOKROCK hearta\xe2\x80\xa6'
2019-08-18 07:34:40,b'RT @Taekook2114: Lagu patah hati internasional untuk ahn jaehyun dan goo hyesun\n\nINTINYA COWOK BUCIN GA MENJAMIN SETIA \xf0\x9f\x98\xa1\n\n#ONEOKROCK hearta\xe2\x80\xa6'
2019-08-18 07:27:18,b'RT @Taekook2114: Lagu patah hati internasional untuk ahn jaehyun dan goo hyesun\n\nINTINYA COWOK BUCIN GA MENJAMIN SETIA \xf0\x9f\x98\xa1\n\n#ONEOKROCK hearta\xe2\x80\xa6'
2019-08-18 07:17:02,b'RT @Taekook2114: Lagu patah hati internasional untuk ahn jaehyun dan goo hyesun\n\nINTINYA COWOK BUCIN GA MENJAMIN SETIA \xf0\x9f\x98\xa1\n\n#ONEOKROCK hearta\xe2\x80\xa6'
2019-08-18 07:09:10,b'RT @Taekook2114: Lagu patah hati internasional untuk ahn jaehyun dan goo hyesun\n\nINTINYA COWOK BUCIN GA MENJAMIN SETIA \xf0\x9f\x98\xa1\n\n#ONEOKROCK hearta\xe2\x80\xa6'
2019-08-18 07:02:39,b'RT @Taekook2114: Lagu patah hati internasional untuk ahn jaehyun dan goo hyesun\n\nINTINYA COWOK BUCIN GA MENJAMIN SETIA \xf0\x9f\x98\xa1\n\n#ONEOKROCK hearta\xe2\x80\xa6'
2019-08-18 06:56:19,"b""Ku bisa bersinar lebih dari siapa pun di dunia ini.\n~ #OneOkRock (Yes i'am)"""
2019-08-18 06:53:23,b'RT @Taekook2114: Lagu patah hati internasional untuk ahn jaehyun dan goo hyesun\n\nINTINYA COWOK BUCIN GA MENJAMIN SETIA \xf0\x9f\x98\xa1\n\n#ONEOKROCK hearta\xe2\x80\xa6'
2019-08-18 06:47:31,b'RT @Taekook2114: Lagu patah hati internasional untuk ahn jaehyun dan goo hyesun\n\nINTINYA COWOK BUCIN GA MENJAMIN SETIA \xf0\x9f\x98\xa1\n\n#ONEOKROCK hearta\xe2\x80\xa6'
2019-08-18 06:39:15,b'RT @Taekook2114: Lagu patah hati internasional untuk ahn jaehyun dan goo hyesun\n\nINTINYA COWOK BUCIN GA MENJAMIN SETIA \xf0\x9f\x98\xa1\n\n#ONEOKROCK hearta\xe2\x80\xa6'
2019-08-18 06:24:13,b'Lagu patah hati internasional untuk ahn jaehyun dan goo hyesun\n\nINTINYA COWOK BUCIN GA MENJAMIN SETIA \xf0\x9f\x98\xa1\n\n#ONEOKROCK\xe2\x80\xa6 https://t.co/jiNkoUYvYp'
2019-08-17 18:56:17,"b'Sejak kita lahir, kita belajar banyak hal. Semakin mendekati kematian, kita melupakan banyak hal. \n~ #OneOkRock (Deeper Deeper)'"
2019-08-17 16:48:26,b'IN SHIBUYA\n#ONEOKROCK https://t.co/9V2FgfNZXm'
2019-08-17 15:56:27,"b""Ku bisa bersinar lebih dari siapa pun di dunia ini.\n~ #OneOkRock (Yes i'am)"""
2019-08-17 08:03:26,b'RT @oneokrovk: \xe3\x80\x9ctomoya\xe3\x80\x9c\n\n#ONEOKROCK \n#35xxxvjapantour https://t.co/F72rVyfMcA'
2019-08-17 03:56:25,"b'Sejak kita lahir, kita belajar banyak hal. Semakin mendekati kematian, kita melupakan banyak hal. \n~ #OneOkRock (Deeper Deeper)'"
2019-08-17 00:56:19,"b""Ku bisa bersinar lebih dari siapa pun di dunia ini.\n~ #OneOkRock (Yes i'am)"""
2019-08-16 13:57:10,b'Full Youtube: [Rudi Haru] or [RA Japan]\n#oneokrock #whereveryouare #cewekjepang #youtuber  \xef\xbc\x83\xe3\x83\xa6\xe3\x83\xbc\xe3\x83\x81\xe3\x83\xa5\xe3\x83\xbc\xe3\x83\x90\xe3\x83\xbc\n#\xe5\x90\x8d\xe5\x8f\xa4\xe5\xb1\x8b https://t.co/JTdaJjcb69'
2019-08-16 12:56:18,"b'Sejak kita lahir, kita belajar banyak hal. Semakin mendekati kematian, kita melupakan banyak hal. \n~ #OneOkRock (Deeper Deeper)'"
2019-08-16 09:56:24,"b""Ku bisa bersinar lebih dari siapa pun di dunia ini.\n~ #OneOkRock (Yes i'am)"""
2019-08-16 08:43:44,b'RT @ONEOKROCK_japan: Guadalajara!!\n#ONEOKROCK #eyeofthestorm\nphoto by @JulenPhoto https://t.co/AJy0y3EWNX'
2019-08-15 21:56:22,"b'Sejak kita lahir, kita belajar banyak hal. Semakin mendekati kematian, kita melupakan banyak hal. \n~ #OneOkRock (Deeper Deeper)'"
